title,movie_count,years
Cinderella,11,"[1899.0, 1914.0, 1947.0, 1950.0, 1957.0, 1997.0, 2000.0, 2002.0, 2011.0, 2012.0]"
Alice in Wonderland,9,"[1903.0, 1915.0, 1933.0, 1951.0, 1966.0, 1981.0, 1985.0, 1999.0, 2010.0]"
Hamlet,9,"[1948.0, 1964.0, 1969.0, 1980.0, 1990.0, 1996.0, 2000.0, 2009.0]"
Les Misérables,8,"[1934.0, 1935.0, 1948.0, 1958.0, 1978.0, 1998.0, 2000.0, 2012.0]"
Beauty and the Beast,8,"[1946.0, 1962.0, 1978.0, 1987.0, 1991.0, 2009.0, 2014.0, 2017.0]"
The Three Musketeers,7,"[1921.0, 1933.0, 1939.0, 1948.0, 1973.0, 1993.0, 2011.0]"
A Christmas Carol,7,"[1938.0, 1977.0, 1984.0, 1997.0, 1999.0, 2004.0, 2009.0]"
Treasure Island,7,"[1934.0, 1950.0, 1972.0, 1982.0, 1990.0, 1999.0, 2012.0]"
Macbeth,6,"[1948.0, 1982.0, 1983.0, 2006.0, 2010.0, 2015.0]"
The Stranger,6,"[1946.0, 1967.0, 1973.0, 1991.0, 2010.0, 2015.0]"
Love,6,"[1927.0, 1971.0, 2005.0, 2011.0, 2012.0, 2015.0]"
Home,6,"[2008.0, 2009.0, 2011.0, 2013.0, 2015.0, 2016.0]"
Jane Eyre,6,"[1943.0, 1971.0, 1983.0, 1996.0, 1997.0, 2011.0]"
Heidi,6,"[1937.0, 1952.0, 1968.0, 1993.0, 2005.0, 2014.0]"
Aftermath,6,"[1994.0, 2004.0, 2012.0, 2013.0, 2017.0]"
Mother,6,"[1926.0, 1991.0, 1992.0, 1996.0, 2009.0, 2016.0]"
The Hunters,6,"[1957.0, 1958.0, 1977.0, 1996.0, 2011.0, 2013.0]"
The Forest,6,"[1982.0, 2002.0, 2009.0, 2011.0, 2012.0, 2016.0]"
The Journey,6,"[1959.0, 1992.0, 1997.0, 2001.0, 2014.0, 2017.0]"
First Love,6,"[1939.0, 1970.0, 1974.0, 2000.0, 2004.0, 2006.0]"
Bluebeard,6,"[1901.0, 1936.0, 1944.0, 1963.0, 1972.0, 2009.0]"
The Circle,6,"[1925.0, 1985.0, 2000.0, 2014.0, 2015.0, 2017.0]"
The Hound of the Baskervilles,6,"[1939.0, 1959.0, 1978.0, 1983.0, 2000.0, 2002.0]"
Countdown,6,"[1968.0, 2004.0, 2006.0, 2011.0, 2012.0, 2016.0]"
Wuthering Heights,6,"[1939.0, 1970.0, 1992.0, 2003.0, 2009.0, 2011.0]"
Great Expectations,5,"[1934.0, 1946.0, 1998.0, 1999.0, 2012.0]"
Frankenstein,5,"[1910.0, 1931.0, 2004.0, 2015.0]"
Eden,5,"[1996.0, 2006.0, 2012.0, 2014.0, 2015.0]"
Hunger,5,"[1966.0, 1974.0, 2001.0, 2008.0, 2009.0]"
Emma,5,"[1932.0, 1972.0, 1996.0, 2009.0]"
Freedom,5,"[1982.0, 2000.0, 2006.0, 2009.0, 2014.0]"
Angel,5,"[1937.0, 1982.0, 1984.0, 2007.0, 2016.0]"
Deadline,5,"[2001.0, 2004.0, 2009.0, 2012.0, 2013.0]"
Darling,5,"[1965.0, 2007.0, 2010.0, 2015.0]"
Outrage,5,"[1950.0, 1973.0, 2003.0, 2009.0, 2010.0]"
The Monster,5,"[1903.0, 1925.0, 1993.0, 1994.0, 2016.0]"
Cleopatra,5,"[1912.0, 1934.0, 1963.0, 1999.0, 2003.0]"
Rage,5,"[1972.0, 2009.0, 2010.0, 2014.0]"
The Kiss,5,"[1896.0, 1900.0, 1929.0, 1988.0, 2004.0]"
Blackout,5,"[1978.0, 1985.0, 2008.0, 2010.0, 2015.0]"
Blind Date,5,"[1959.0, 1984.0, 1987.0, 2007.0, 2015.0]"
The Confession,5,"[1970.0, 1999.0, 2001.0, 2011.0, 2013.0]"
Thirst,5,"[1949.0, 1979.0, 2009.0, 2010.0, 2016.0]"
Boy,5,"[1969.0, 2009.0, 2010.0, 2011.0, 2014.0]"
The Bridge,5,"[1959.0, 1999.0, 2006.0, 2008.0, 2015.0]"
Chaos,5,"[1984.0, 2000.0, 2001.0, 2005.0]"
Paradise,5,"[1982.0, 1991.0, 2013.0, 2015.0]"
Detour,5,"[1945.0, 1998.0, 2009.0, 2013.0, 2017.0]"
The Promise,5,"[1979.0, 1995.0, 2005.0, 2016.0, 2017.0]"
The Phantom,5,"[1943.0, 1984.0, 1996.0, 2000.0, 2009.0]"
Peter Pan,5,"[1924.0, 1953.0, 1960.0, 2000.0, 2003.0]"
Mad Love,5,"[1921.0, 1935.0, 1985.0, 1995.0, 2001.0]"
King Lear,5,"[1916.0, 1971.0, 1982.0, 1983.0, 1987.0]"
Stranded,5,"[2001.0, 2002.0, 2013.0, 2015.0]"
Captive,5,"[1998.0, 2004.0, 2008.0, 2012.0, 2015.0]"
Gloria,4,"[1980.0, 1999.0, 2013.0, 2014.0]"
The Waiting Room,4,"[1996.0, 2004.0, 2007.0, 2012.0]"
Gulliver's Travels,4,"[1939.0, 1977.0, 1996.0, 2010.0]"
Escape,4,"[1940.0, 1948.0, 2012.0, 2015.0]"
Harvest,4,"[1937.0, 1999.0, 2011.0]"
Wolf,4,"[1994.0, 2004.0, 2008.0, 2013.0]"
Hotel,4,"[1967.0, 2001.0, 2004.0, 2013.0]"
Hercules,4,"[1983.0, 1997.0, 2005.0, 2014.0]"
The Scarlet Letter,4,"[1926.0, 1973.0, 1979.0, 1995.0]"
An Enemy of the People,4,"[1966.0, 1978.0, 1990.0, 2005.0]"
Anna Karenina,4,"[1935.0, 1948.0, 1997.0, 2012.0]"
Do Not Disturb,4,"[1965.0, 1999.0, 2012.0, 2014.0]"
Madame Bovary,4,"[1949.0, 1991.0, 2000.0, 2015.0]"
King Solomon's Mines,4,"[1937.0, 1950.0, 1985.0, 2004.0]"
Journey to the Center of the Earth,4,"[1959.0, 1989.0, 1999.0, 2008.0]"
Maniac,4,"[1934.0, 1963.0, 1980.0, 2012.0]"
Life,4,"[1999.0, 2009.0, 2015.0, 2017.0]"
Labyrinth,4,"[1986.0, 2002.0, 2003.0, 2012.0]"
Don Quixote,4,"[1933.0, 1957.0, 1992.0, 2000.0]"
Dr. Jekyll and Mr. Hyde,4,"[1920.0, 1931.0, 1941.0, 2008.0]"
The Wall,4,"[1975.0, 1983.0, 2012.0, 2017.0]"
The Tunnel,4,"[1933.0, 1935.0, 2001.0, 2011.0]"
Alice,4,"[1988.0, 1990.0, 2005.0, 2009.0]"
Alone,4,"[1999.0, 2004.0, 2007.0, 2008.0]"
Hush,4,"[1998.0, 2008.0, 2012.0, 2016.0]"
Holiday,4,"[1938.0, 2006.0, 2014.0]"
Home of the Brave,4,"[1949.0, 1986.0, 2004.0, 2006.0]"
Jack and the Beanstalk,4,"[1902.0, 1952.0, 1974.0, 2009.0]"
Honeymoon,4,"[1947.0, 1996.0, 2013.0, 2014.0]"
The River,4,"[1951.0, 1984.0, 1997.0, 2001.0]"
Ghost,4,"[1990.0, 2010.0, 2012.0, 2015.0]"
Gold,4,"[1934.0, 1974.0, 2013.0, 2016.0]"
The Suspect,4,"[1944.0, 1975.0, 2013.0]"
The Substitute,4,"[1961.0, 1993.0, 1996.0, 2007.0]"
Three,4,"[1965.0, 2002.0, 2010.0, 2016.0]"
Happy End,4,"[1967.0, 1999.0, 2011.0, 2016.0]"
Inferno,4,"[1953.0, 1980.0, 1999.0, 2016.0]"
Innocence,4,"[1997.0, 2000.0, 2004.0, 2014.0]"
Inside,4,"[1996.0, 2002.0, 2007.0, 2012.0]"
Earth,4,"[1930.0, 1996.0, 1998.0, 2007.0]"
Trapped,4,"[1949.0, 1982.0, 2002.0, 2016.0]"
A Midsummer Night's Dream,4,"[1935.0, 1968.0, 1999.0, 2016.0]"
No Man's Land,4,"[1978.0, 1987.0, 2001.0, 2013.0]"
Nine Lives,4,"[1957.0, 2002.0, 2005.0, 2016.0]"
The Outsider,4,"[1981.0, 1983.0, 2005.0, 2014.0]"
Aschenputtel,4,"[1955.0, 1989.0, 2010.0, 2011.0]"
Asylum,4,"[1972.0, 1997.0, 2005.0, 2008.0]"
August,4,"[1996.0, 2008.0, 2011.0]"
Death of a Salesman,4,"[1951.0, 1966.0, 1985.0, 2000.0]"
The Lovers,4,"[1958.0, 1994.0, 2015.0, 2017.0]"
The Letter,4,"[1929.0, 1940.0, 1999.0, 2012.0]"
The Mummy,4,"[1932.0, 1959.0, 1999.0, 2017.0]"
Creature,4,"[1985.0, 1998.0, 2011.0, 2014.0]"
Othello,4,"[1951.0, 1965.0, 1981.0, 1995.0]"
Rain,4,"[1929.0, 1932.0, 2001.0, 2008.0]"
Dark Horse,4,"[1992.0, 2005.0, 2011.0, 2015.0]"
Dangerous Liaisons,4,"[1959.0, 1988.0, 2003.0, 2012.0]"
Crush,4,"[1992.0, 2001.0, 2009.0, 2013.0]"
Destiny,4,"[1921.0, 1944.0, 1997.0, 2006.0]"
Mercy,4,"[2000.0, 2009.0, 2014.0, 2016.0]"
The Prince and the Pauper,4,"[1937.0, 1962.0, 1990.0, 2000.0]"
Oliver Twist,4,"[1948.0, 1982.0, 1999.0, 2005.0]"
Out of the Blue,4,"[1980.0, 2002.0, 2006.0, 2013.0]"
The Raven,4,"[1935.0, 1963.0, 2006.0, 2012.0]"
Mars,4,"[1968.0, 1998.0, 2004.0, 2010.0]"
The Scapegoat,4,"[1959.0, 1963.0, 2012.0, 2013.0]"
Deliver Us from Evil,4,"[1973.0, 2006.0, 2009.0, 2014.0]"
The Nun,4,"[1966.0, 2005.0, 2007.0, 2013.0]"
Miss Julie,4,"[1951.0, 1999.0, 2011.0, 2014.0]"
Lola,4,"[1961.0, 1970.0, 1981.0, 2006.0]"
Legacy,4,"[1998.0, 2006.0, 2010.0, 2015.0]"
Midnight,4,"[1934.0, 1939.0, 1982.0, 1998.0]"
Sherlock Holmes,4,"[1916.0, 1922.0, 2009.0, 2010.0]"
Sisters,4,"[1973.0, 2001.0, 2006.0, 2015.0]"
The Magician,4,"[1898.0, 1926.0, 1958.0, 2005.0]"
Bad Boys,4,"[1983.0, 1995.0, 2003.0, 2014.0]"
The Island,4,"[1980.0, 2005.0, 2006.0, 2009.0]"
Red Dust,4,"[1932.0, 1990.0, 1999.0, 2004.0]"
Sahara,4,"[1943.0, 1983.0, 2005.0, 2017.0]"
Salomé,4,"[1923.0, 1972.0, 2002.0, 2013.0]"
Robin Hood,4,"[1922.0, 1973.0, 1991.0, 2010.0]"
Coming Home,4,"[1978.0, 2003.0, 2012.0, 2014.0]"
Ritual,4,"[2000.0, 2002.0, 2012.0, 2013.0]"
Control,4,"[2003.0, 2004.0, 2007.0, 2013.0]"
The Master,4,"[1980.0, 1992.0, 2012.0, 2017.0]"
The Merry Widow,4,"[1925.0, 1934.0, 1952.0, 2007.0]"
Possessed,4,"[1931.0, 1947.0, 1999.0, 2000.0]"
Pinocchio,4,"[1940.0, 1976.0, 2002.0, 2012.0]"
Suddenly,4,"[1954.0, 2002.0, 2006.0, 2013.0]"
The Great Gatsby,4,"[1926.0, 1949.0, 1974.0, 2013.0]"
The Haunted Castle,4,"[1896.0, 1897.0, 1921.0, 1969.0]"
Stella,4,"[1950.0, 1955.0, 1990.0, 2008.0]"
The Boys,4,"[1962.0, 1997.0, 1998.0]"
Breaking Point,4,"[1975.0, 1976.0, 1994.0, 2009.0]"
The Child,4,"[1977.0, 2000.0, 2005.0, 2012.0]"
Brothers,4,"[2004.0, 2009.0, 2011.0, 2015.0]"
Sleeping Beauty,4,"[1959.0, 1987.0, 2011.0, 2014.0]"
Caught,4,"[1949.0, 1987.0, 1996.0, 2015.0]"
Carrie,4,"[1952.0, 1976.0, 2002.0, 2013.0]"
The Hunchback of Notre Dame,4,"[1923.0, 1939.0, 1956.0, 1996.0]"
The Goddess,4,"[1934.0, 1958.0, 1960.0, 2004.0]"
Carmen,4,"[1915.0, 1918.0, 1983.0, 1984.0]"
Sense and Sensibility,4,"[1971.0, 1981.0, 1995.0, 2008.0]"
Cargo,4,"[2005.0, 2009.0, 2011.0, 2013.0]"
The Black Hole,4,"[1979.0, 2006.0, 2008.0, 2015.0]"
Beyond,4,"[2003.0, 2010.0, 2012.0, 2014.0]"
The Intruder,4,"[1962.0, 1999.0, 2005.0, 2010.0]"
The Inheritance,4,"[1962.0, 1976.0, 2003.0, 2011.0]"
The Four Feathers,4,"[1929.0, 1939.0, 1978.0, 2002.0]"
The Gambler,4,"[1974.0, 1997.0, 2013.0, 2014.0]"
Breathless,4,"[1960.0, 1983.0, 2008.0, 2012.0]"
Black Magic,4,"[1944.0, 1949.0, 1975.0, 1977.0]"
Blackbird,4,"[1959.0, 2007.0, 2012.0, 2014.0]"
Borderline,4,"[1930.0, 1950.0, 1980.0, 2002.0]"
Blind,4,"[1987.0, 2007.0, 2011.0, 2014.0]"
The Girl,4,"[2001.0, 2009.0, 2012.0]"
The Collector,4,"[1965.0, 1997.0, 2005.0, 2009.0]"
The Box,4,"[2003.0, 2004.0, 2007.0, 2009.0]"
The Body,4,"[1974.0, 2001.0, 2003.0, 2012.0]"
The Bodyguard,4,"[1973.0, 1979.0, 1992.0, 2016.0]"
The Debt,4,"[1999.0, 2007.0, 2010.0, 2015.0]"
The Damned,4,"[1947.0, 1963.0, 1969.0, 2013.0]"
The Challenge,4,"[1970.0, 1982.0, 2003.0, 2005.0]"
Boy Meets Girl,4,"[1938.0, 1984.0, 1994.0, 2015.0]"
The Count of Monte Cristo,4,"[1934.0, 1954.0, 1998.0, 2002.0]"
The Diary of Anne Frank,4,"[1959.0, 1980.0, 1995.0, 2009.0]"
The Dinner,4,"[1998.0, 2013.0, 2014.0, 2017.0]"
Blue,4,"[1968.0, 1993.0, 2002.0, 2003.0]"
The Double,4,"[1971.0, 2011.0, 2012.0, 2014.0]"
Five,4,"[1951.0, 2003.0, 2011.0, 2016.0]"
Faust,4,"[1926.0, 1960.0, 1994.0, 2011.0]"
Fear,4,"[1954.0, 1990.0, 1996.0, 2009.0]"
"20,000 Leagues Under the Sea",4,"[1916.0, 1954.0, 1997.0]"
Fallen,4,"[1998.0, 2005.0, 2006.0, 2016.0]"
Forbidden,4,"[1932.0, 1949.0, 1953.0, 1954.0]"
War and Peace,4,"[1956.0, 1966.0, 2002.0, 2007.0]"
Underground,3,"[1928.0, 1976.0, 1995.0]"
Wanted,3,"[1967.0, 2008.0, 2009.0]"
War,3,"[2002.0, 2007.0, 2014.0]"
War of the Buttons,3,"[1994.0, 2011.0]"
Victim,3,"[1961.0, 2010.0, 2011.0]"
Volcano,3,"[1997.0, 2011.0, 2015.0]"
Undertow,3,"[1949.0, 2004.0, 2009.0]"
Underworld,3,"[1927.0, 1996.0, 2003.0]"
Twisted,3,"[1996.0, 2004.0, 2013.0]"
For Love or Money,3,"[1963.0, 1993.0, 2014.0]"
Fanny,3,"[1932.0, 1961.0, 2013.0]"
Fair Game,3,"[1986.0, 1995.0, 2010.0]"
Fade to Black,3,"[1980.0, 2004.0, 2006.0]"
Face,3,"[1997.0, 2002.0, 2009.0]"
Everybody's Fine,3,"[1990.0, 2009.0, 2016.0]"
Evidence,3,"[1995.0, 2011.0, 2013.0]"
The Victim,3,"[1980.0, 2006.0, 2011.0]"
The Visit,3,"[1964.0, 2000.0, 2015.0]"
The Visitor,3,"[1979.0, 2007.0, 2008.0]"
The Visitors,3,"[1972.0, 1988.0, 1993.0]"
The Void,3,"[2001.0, 2016.0]"
Gemini,3,"[1999.0, 2005.0, 2017.0]"
Genius,3,"[1991.0, 1999.0, 2016.0]"
Framed,3,"[1947.0, 1975.0, 1988.0]"
Freaky Friday,3,"[1976.0, 1995.0, 2003.0]"
Frozen,3,"[2007.0, 2010.0, 2013.0]"
Extraterrestrial,3,"[2007.0, 2011.0, 2014.0]"
Exit,3,"[2000.0, 2006.0, 2011.0]"
Exposed,3,"[1971.0, 1983.0, 2016.0]"
Godzilla,3,"[1954.0, 1998.0, 2014.0]"
Bigfoot,3,"[1970.0, 2008.0, 2012.0]"
Black Angel,3,"[1946.0, 1980.0, 2002.0]"
The Captive,3,"[1915.0, 1988.0, 2014.0]"
The Castle,3,"[1994.0, 1997.0]"
The Cat and the Canary,3,"[1927.0, 1939.0, 1979.0]"
The Ceremony,3,"[1963.0, 1971.0, 2014.0]"
The Chase,3,"[1946.0, 1966.0, 1994.0]"
Bliss,3,"[1985.0, 1997.0, 2007.0]"
Blood,3,"[1989.0, 2006.0, 2012.0]"
The Dancer,3,"[2000.0, 2011.0, 2016.0]"
The Dead,3,"[1987.0, 2004.0, 2010.0]"
The Deal,3,"[2003.0, 2005.0, 2015.0]"
Blood and Sand,3,"[1922.0, 1941.0, 1989.0]"
Body and Soul,3,"[1925.0, 1947.0, 1981.0]"
The Cook,3,"[1965.0, 1972.0, 2008.0]"
The Crew,3,"[1994.0, 2000.0, 2008.0]"
The Borrowers,3,"[1973.0, 1997.0, 2011.0]"
The Boss,3,"[1956.0, 1973.0, 2016.0]"
The Comedian,3,"[1957.0, 2013.0, 2016.0]"
The Connection,3,"[1962.0, 2014.0]"
Boiling Point,3,"[1990.0, 1993.0, 2017.0]"
Born Reckless,3,"[1930.0, 1937.0, 1958.0]"
Boulevard,3,"[1960.0, 1994.0, 2014.0]"
Black Sun,3,"[1964.0, 2005.0, 2007.0]"
Black Widow,3,"[1954.0, 1987.0, 2008.0]"
Black and White,3,"[1968.0, 1999.0, 2008.0]"
The Green Hornet,3,"[1940.0, 1974.0, 2011.0]"
The Ghost,3,"[1963.0, 2004.0, 2008.0]"
The Gift,3,"[2000.0, 2014.0, 2015.0]"
The Girl Next Door,3,"[1999.0, 2004.0, 2007.0]"
The Girl on the Train,3,"[2009.0, 2014.0, 2016.0]"
The Glass Menagerie,3,"[1950.0, 1973.0, 1987.0]"
Taxi,3,"[1998.0, 2004.0, 2015.0]"
Ten Little Indians,3,"[1965.0, 1974.0, 1987.0]"
Sweet Dreams,3,"[1981.0, 1985.0, 2016.0]"
The Call of the Wild,3,"[1935.0, 1972.0, 1976.0]"
Boys,3,"[1977.0, 1996.0, 2014.0]"
Brainstorm,3,"[1965.0, 1983.0, 2001.0]"
Breakout,3,"[1975.0, 2007.0, 2013.0]"
The Garden,3,"[1990.0, 1995.0, 2008.0]"
The Fly,3,"[1958.0, 1980.0, 1986.0]"
The Fog,3,"[1980.0, 2005.0, 2010.0]"
The Incident,3,"[1967.0, 1990.0, 2014.0]"
The Innocents,3,"[1961.0, 1987.0, 2016.0]"
The Hole,3,"[1998.0, 2001.0, 2009.0]"
The Hollow,3,"[2004.0, 2015.0, 2016.0]"
The House,3,"[2011.0, 2016.0, 2017.0]"
Broken,3,"[2006.0, 2012.0, 2014.0]"
Sugar,3,"[2004.0, 2009.0, 2013.0]"
Summer Holiday,3,"[1948.0, 1963.0, 2008.0]"
State Fair,3,"[1933.0, 1945.0, 1962.0]"
Steel,3,"[1979.0, 1997.0, 2012.0]"
The Bat,3,"[1926.0, 1959.0, 1979.0]"
The Bear,3,"[1984.0, 1988.0, 2011.0]"
The Beast,3,"[1975.0, 1996.0, 2010.0]"
The Best Man,3,"[1964.0, 1997.0, 1999.0]"
The Black Cat,3,"[1934.0, 1941.0, 1981.0]"
Brother,3,"[1997.0, 2000.0, 2010.0]"
Butterfly,3,"[1982.0, 1999.0, 2015.0]"
The Bachelor,3,"[1955.0, 1999.0, 2016.0]"
The Bandit,3,"[1946.0, 1996.0, 2016.0]"
The 39 Steps,3,"[1935.0, 1959.0, 2008.0]"
Tango,3,"[1981.0, 1993.0, 1998.0]"
Target,3,"[1985.0, 1995.0, 2011.0]"
Survivor,3,"[1999.0, 2014.0, 2015.0]"
Suspect,3,"[1960.0, 1987.0, 2005.0]"
Sweeney Todd: The Demon Barber of Fleet Street,3,"[1936.0, 1982.0, 2007.0]"
By the Sea,3,"[1915.0, 1982.0, 2015.0]"
Camille,3,"[1921.0, 1936.0, 2008.0]"
Captain America,3,"[1944.0, 1979.0, 1990.0]"
The Hunter,3,"[1980.0, 2010.0, 2011.0]"
The Haunted House,3,"[1921.0, 1929.0, 1982.0]"
The Killers,3,"[1946.0, 1956.0, 1964.0]"
The King,3,"[2002.0, 2005.0, 2017.0]"
The Lady Vanishes,3,"[1938.0, 1979.0, 2013.0]"
The Land,3,"[1942.0, 1969.0, 2016.0]"
Bastards,3,"[2006.0, 2013.0, 2014.0]"
Beautiful,3,"[2000.0, 2008.0, 2009.0]"
The Invisible Woman,3,"[1940.0, 2009.0, 2013.0]"
Stray Dog,3,"[1949.0, 2007.0, 2014.0]"
Christine,3,"[1958.0, 1983.0, 2016.0]"
Shadow,3,"[1956.0, 1971.0, 2010.0]"
Shakedown,3,"[1950.0, 1988.0, 2002.0]"
Scarecrow,3,"[1973.0, 1984.0, 2013.0]"
Still Life,3,"[1997.0, 2007.0, 2013.0]"
Spellbound,3,"[1945.0, 2002.0, 2011.0]"
Spin,3,"[2003.0, 2005.0, 2007.0]"
Stage Struck,3,"[1925.0, 1936.0, 1958.0]"
Stalingrad,3,"[1989.0, 1993.0, 2013.0]"
Solo,3,"[1980.0, 1996.0, 2013.0]"
Slow Burn,3,"[2000.0, 2005.0]"
Snow White,3,"[1916.0, 1987.0, 2005.0]"
Silence,3,"[1971.0, 2011.0, 2016.0]"
Switch,3,"[1991.0, 2007.0, 2011.0]"
Summer School,3,"[1978.0, 1987.0, 2006.0]"
Summertime,3,"[1955.0, 2014.0, 2015.0]"
Ballerina,3,"[1937.0, 2006.0, 2016.0]"
Barabbas,3,"[1953.0, 1961.0, 2013.0]"
Classmates,3,"[2015.0, 2016.0]"
Cloud 9,3,"[2006.0, 2008.0, 2014.0]"
Romance,3,"[1930.0, 2008.0, 2012.0]"
Run,3,"[1991.0, 2004.0, 2013.0]"
Runaway,3,"[1984.0, 2005.0, 2009.0]"
Running Scared,3,"[1980.0, 1986.0, 2006.0]"
Silk,3,"[1986.0, 2006.0, 2007.0]"
She,3,"[1935.0, 1965.0, 1984.0]"
Shelter,3,"[2007.0, 2010.0, 2014.0]"
Shock Treatment,3,"[1964.0, 1973.0, 1981.0]"
Shutter,3,"[2004.0, 2008.0, 2013.0]"
Chain of Command,3,"[1994.0, 2000.0, 2015.0]"
Champion,3,"[1949.0, 2002.0, 2005.0]"
Chocolat,3,"[1988.0, 2000.0, 2016.0]"
Scrooge,3,"[1935.0, 1951.0, 1970.0]"
Second Skin,3,"[1999.0, 2000.0, 2009.0]"
Sacrifice,3,"[2010.0, 2011.0, 2016.0]"
Samson and Delilah,3,"[1949.0, 1996.0, 2009.0]"
Santa Claus,3,"[1898.0, 1959.0, 2014.0]"
Savages,3,"[1972.0, 2006.0, 2012.0]"
The Italian,3,"[1915.0, 2005.0, 2010.0]"
The Jungle Book,3,"[1967.0, 1994.0, 2016.0]"
The Keeper,3,"[1995.0, 2004.0, 2009.0]"
The Key,3,"[1934.0, 1958.0, 1983.0]"
The Importance of Being Earnest,3,"[1952.0, 1986.0, 2002.0]"
The Machine,3,"[1994.0, 2006.0, 2013.0]"
The Man,3,"[1972.0, 2005.0, 2017.0]"
The Man in the Iron Mask,3,"[1939.0, 1977.0, 1998.0]"
Bad Company,3,"[1972.0, 1995.0, 2002.0]"
Bad Karma,3,"[1991.0, 2002.0, 2012.0]"
Project X,3,"[1968.0, 1987.0, 2012.0]"
Poison,3,"[1951.0, 1991.0, 2000.0]"
Police,3,"[1916.0, 1985.0, 2007.0]"
Possession,3,"[1981.0, 2002.0, 2009.0]"
Prey,3,"[1977.0, 2011.0, 2016.0]"
Robinson Crusoe,3,"[1954.0, 1997.0, 2016.0]"
Remote Control,3,"[1930.0, 1988.0, 1992.0]"
Resistance,3,"[2003.0, 2011.0, 2015.0]"
Restless,3,"[2000.0, 2011.0, 2012.0]"
Retribution,3,"[1967.0, 2006.0, 2015.0]"
Revenge,3,"[1978.0, 1989.0, 1990.0]"
Richard III,3,"[1912.0, 1955.0, 1995.0]"
Committed,3,"[1991.0, 2000.0, 2014.0]"
Public Enemies,3,"[1996.0, 2009.0, 2012.0]"
Pulse,3,"[1987.0, 2001.0, 2006.0]"
Purgatory,3,"[1998.0, 1999.0, 2014.0]"
Paranoia,3,"[1967.0, 1969.0, 2013.0]"
Quartet,3,"[1948.0, 1981.0, 2012.0]"
Rampage,3,"[1986.0, 1987.0, 2009.0]"
Crawlspace,3,"[1986.0, 2012.0, 2013.0]"
Crazy Love,3,"[1987.0, 1993.0, 2007.0]"
Crime and Punishment,3,"[1935.0, 1983.0, 2002.0]"
The Lone Ranger,3,"[1938.0, 1956.0, 2013.0]"
The Lost World,3,"[1925.0, 1960.0, 2001.0]"
The Last Man on Earth,3,"[1964.0, 2011.0, 2014.0]"
The Last of the Mohicans,3,"[1920.0, 1936.0, 1992.0]"
The Legend of Sleepy Hollow,3,"[1949.0, 1980.0, 1999.0]"
The Neighbor,3,"[1993.0, 2008.0, 2016.0]"
The Mask,3,"[1961.0, 1988.0, 1994.0]"
The Matchmaker,3,"[1958.0, 1997.0, 2010.0]"
The Message,3,"[1976.0, 1977.0, 2009.0]"
The Milky Way,3,"[1936.0, 1969.0, 2007.0]"
Arabian Nights,3,"[1942.0, 1974.0, 2000.0]"
Arena,3,"[1953.0, 1989.0, 2011.0]"
Armageddon,3,"[1977.0, 1997.0, 1998.0]"
Oblivion,3,"[1994.0, 2008.0, 2013.0]"
Obsessed,3,"[1992.0, 2002.0, 2009.0]"
Nightfall,3,"[1957.0, 1999.0, 2012.0]"
Nightmare,3,"[1956.0, 1964.0, 1981.0]"
Neighbors,3,"[1920.0, 1981.0, 2014.0]"
Party Girl,3,"[1958.0, 1995.0, 2014.0]"
Pennies from Heaven,3,"[1936.0, 1978.0, 1981.0]"
Persuasion,3,"[1971.0, 1995.0, 2007.0]"
Phantom,3,"[1922.0, 2013.0, 2015.0]"
Phoenix,3,"[1995.0, 1998.0, 2014.0]"
Crossroads,3,"[1942.0, 1986.0, 2002.0]"
D.O.A.,3,"[1950.0, 1980.0, 1988.0]"
Oxygen,3,"[1999.0, 2009.0, 2010.0]"
Monster,3,"[2003.0, 2008.0, 2014.0]"
Montana,3,"[1950.0, 1998.0, 2008.0]"
Our Town,3,"[1940.0, 2003.0, 2007.0]"
Obsession,3,"[1949.0, 1965.0, 1976.0]"
Once a Thief,3,"[1965.0, 1991.0, 1996.0]"
Daylight,3,"[1996.0, 2011.0, 2013.0]"
Dead Awake,3,"[2001.0, 2010.0, 2017.0]"
Dead End,3,"[1937.0, 2003.0, 2012.0]"
Attila,3,"[1954.0, 2001.0, 2013.0]"
Aurora,3,"[2006.0, 2011.0, 2016.0]"
Avalon,3,"[1990.0, 2001.0, 2011.0]"
Babes in Toyland,3,"[1934.0, 1961.0, 1997.0]"
Backfire,3,"[1950.0, 1964.0, 1988.0]"
The Plague,3,"[1992.0, 2006.0, 2013.0]"
The Pack,3,"[1977.0, 2010.0, 2015.0]"
The Perils of Pauline,3,"[1914.0, 1947.0, 1967.0]"
Animals,3,"[2008.0, 2012.0, 2014.0]"
Anita,3,"[1972.0, 2009.0, 2013.0]"
Deranged,3,"[1974.0, 2012.0]"
Max,3,"[1994.0, 2002.0, 2015.0]"
Madhouse,3,"[1974.0, 1981.0, 2004.0]"
Next of Kin,3,"[1982.0, 1984.0, 1989.0]"
Night Train,3,"[1959.0, 2008.0, 2009.0]"
Night Watch,3,"[1973.0, 2004.0, 2005.0]"
Night and Day,3,"[1946.0, 1991.0, 2008.0]"
Deadfall,3,"[1968.0, 1993.0, 2012.0]"
Delirium,3,"[1972.0, 2014.0]"
Naked,3,"[1993.0, 2000.0, 2014.0]"
Mother's Day,3,"[1980.0, 2010.0, 2016.0]"
Mr. Right,3,"[2009.0, 2015.0, 2016.0]"
Much Ado About Nothing,3,"[1993.0, 2012.0, 2016.0]"
Misunderstood,3,"[1966.0, 1984.0, 2014.0]"
Loft,3,"[2005.0, 2008.0, 2010.0]"
Leviathan,3,"[1989.0, 2012.0, 2014.0]"
Michael,3,"[1924.0, 1996.0, 2011.0]"
Milk,3,"[1998.0, 2008.0]"
Mirage,3,"[1965.0, 1995.0, 2004.0]"
Miranda,3,"[1948.0, 1985.0, 2002.0]"
Missing,3,"[1982.0, 2007.0, 2008.0]"
Demons,3,"[1971.0, 1985.0, 2012.0]"
Assassination,3,"[1964.0, 1987.0, 2015.0]"
The Old Man and the Sea,3,"[1958.0, 1990.0, 1999.0]"
The One,3,"[2001.0, 2011.0, 2015.0]"
The Order,3,"[1973.0, 2001.0, 2003.0]"
The Other,3,"[1972.0, 1999.0, 2007.0]"
The Miracle Worker,3,"[1962.0, 1979.0, 2000.0]"
The Reckoning,3,"[1970.0, 2003.0, 2014.0]"
The Prisoner of Zenda,3,"[1937.0, 1952.0, 1979.0]"
Lucky,3,"[2010.0, 2011.0]"
Macabre,3,"[1958.0, 1980.0, 2009.0]"
Anne of Green Gables,3,"[1934.0, 1985.0, 2016.0]"
Annie,3,"[1982.0, 1999.0, 2014.0]"
Another World,3,[2014.0]
The Phantom of the Opera,3,"[1925.0, 1990.0, 2004.0]"
The Pied Piper,3,"[1942.0, 1972.0, 1986.0]"
The Pit and the Pendulum,3,"[1961.0, 1991.0, 2009.0]"
The Spirit of Christmas,3,"[1992.0, 1995.0, 2015.0]"
The Squeeze,3,"[1978.0, 1987.0, 2015.0]"
The Student,3,"[1988.0, 2011.0, 2016.0]"
Always,3,"[1985.0, 1989.0, 2011.0]"
Ambush,3,"[1950.0, 1973.0, 1999.0]"
The Secret,3,"[2000.0, 2006.0, 2007.0]"
Little Women,3,"[1933.0, 1949.0, 1994.0]"
Loaded,3,"[1996.0, 2008.0, 2014.0]"
Into the Woods,3,"[1991.0, 2011.0, 2014.0]"
Intruders,3,"[1992.0, 2011.0, 2016.0]"
Iron Man,3,"[1931.0, 1951.0, 2008.0]"
Impulse,3,"[1954.0, 1984.0, 2008.0]"
In the Blood,3,"[2006.0, 2014.0, 2016.0]"
Lights Out,3,"[2010.0, 2013.0, 2016.0]"
Late Bloomers,3,"[1996.0, 2006.0, 2011.0]"
Dolls,3,"[1987.0, 2002.0, 2007.0]"
Double Trouble,3,"[1967.0, 1984.0, 1992.0]"
King Kong,3,"[1933.0, 1976.0, 2005.0]"
Kidnapped,3,"[1960.0, 1995.0, 2010.0]"
Kiki,3,"[1926.0, 1931.0, 2017.0]"
Jigsaw,3,"[1949.0, 1962.0, 1968.0]"
Julia,3,"[1977.0, 2008.0, 2014.0]"
Julius Caesar,3,"[1953.0, 1979.0, 2002.0]"
Loverboy,3,"[1989.0, 2003.0, 2005.0]"
Jack Frost,3,"[1979.0, 1997.0, 1998.0]"
Jackpot,3,"[2001.0, 2006.0, 2011.0]"
Dracula,3,"[1931.0, 1979.0, 1992.0]"
Dreamland,3,"[2006.0, 2007.0, 2016.0]"
The Secret Garden,3,"[1949.0, 1987.0, 1993.0]"
The Silence,3,"[1963.0, 1998.0, 2010.0]"
The Return,3,"[1980.0, 2003.0, 2006.0]"
The Reunion,3,"[2011.0, 2013.0]"
The Ring,3,"[1927.0, 1996.0, 2002.0]"
The Road,3,"[1982.0, 2009.0, 2011.0]"
The Uninvited,3,"[1944.0, 1996.0, 2009.0]"
The Unknown Soldier,3,"[1955.0, 1985.0, 2006.0]"
The Verdict,3,"[1946.0, 1982.0, 2013.0]"
Alive,3,"[1993.0, 2002.0, 2006.0]"
Dressed to Kill,3,"[1941.0, 1946.0, 1980.0]"
Dust,3,"[2001.0, 2005.0, 2008.0]"
The Wild Party,3,"[1929.0, 1956.0, 1975.0]"
The Wind in the Willows,3,"[1983.0, 1995.0, 1996.0]"
The Witches,3,"[1966.0, 1967.0, 1990.0]"
Adam,3,"[1983.0, 1992.0, 2009.0]"
Head Over Heels,3,"[2001.0, 2010.0, 2012.0]"
Heart of a Dog,3,"[1976.0, 1988.0, 2015.0]"
Heat,3,"[1972.0, 1986.0, 1995.0]"
Happiness,3,"[1935.0, 1998.0, 2014.0]"
Happy New Year,3,"[1973.0, 1987.0, 2014.0]"
Inside Out,3,"[2006.0, 2011.0, 2015.0]"
Eat,3,"[1963.0, 2011.0, 2014.0]"
House,3,"[1977.0, 1986.0, 2008.0]"
Home Sweet Home,3,"[2001.0, 2008.0, 2013.0]"
Honey,3,"[2003.0, 2010.0, 2013.0]"
Junior,3,"[1994.0, 2011.0, 2014.0]"
Jack,3,"[1996.0, 2013.0, 2014.0]"
Grace,3,"[2009.0, 2014.0]"
Graveyard Shift,3,"[1987.0, 1990.0, 2005.0]"
Hell,3,"[2005.0, 2011.0]"
Helter Skelter,3,"[1976.0, 2004.0, 2012.0]"
Hero,3,"[1983.0, 1992.0, 2002.0]"
Hide and Seek,3,"[2005.0, 2013.0, 2014.0]"
Endgame,3,"[2000.0, 2009.0, 2015.0]"
Enigma,3,"[1983.0, 2001.0, 2009.0]"
The Tournament,3,"[1929.0, 2009.0, 2015.0]"
The Trip,3,"[1967.0, 2002.0, 2010.0]"
The Take,3,"[1974.0, 2007.0, 2009.0]"
The Taming of the Shrew,3,"[1929.0, 1967.0, 1980.0]"
Three Days,3,"[1992.0, 2001.0, 2008.0]"
Three Men in a Boat,3,"[1956.0, 1975.0, 1979.0]"
The Wave,3,"[1981.0, 2008.0, 2015.0]"
The Wedding March,3,"[1928.0, 1965.0, 2016.0]"
Fate,3,"[2001.0, 2003.0, 2008.0]"
Tumbledown,3,"[1988.0, 2013.0, 2015.0]"
Twice Upon a Time,3,"[1983.0, 2006.0, 2012.0]"
Tormented,3,"[1960.0, 2009.0, 2011.0]"
Tracks,3,"[1977.0, 2005.0, 2014.0]"
Trance,3,"[1982.0, 2001.0, 2013.0]"
Wonderland,3,"[1997.0, 1999.0, 2003.0]"
Whiplash,3,"[1948.0, 2013.0, 2014.0]"
A Star Is Born,3,"[1937.0, 1954.0, 1976.0]"
8,3,"[2008.0, 2010.0, 2012.0]"
Wind,3,"[1992.0, 1996.0, 2013.0]"
Wolves,3,"[1999.0, 2014.0, 2016.0]"
Wonder Woman,3,"[1974.0, 2009.0, 2017.0]"
Under the Gun,3,"[1951.0, 1995.0, 2016.0]"
Halloween,3,"[1931.0, 1978.0, 2007.0]"
Hansel & Gretel,3,"[2002.0, 2007.0, 2013.0]"
The Club,3,"[1980.0, 1994.0, 2015.0]"
The End,3,"[1978.0, 2004.0, 2012.0]"
The Enforcer,3,"[1951.0, 1976.0, 1995.0]"
The Fall of the House of Usher,3,"[1928.0, 1981.0]"
The Desert Song,3,"[1929.0, 1943.0, 1953.0]"
The Dream Team,3,"[1989.0, 2012.0]"
Black Sheep,3,"[1996.0, 2006.0]"
A Streetcar Named Desire,3,"[1951.0, 1984.0, 1995.0]"
A Tale of Two Cities,3,"[1935.0, 1958.0, 1980.0]"
Absolution,3,"[1978.0, 2015.0]"
Titanic,3,"[1953.0, 1996.0, 1997.0]"
Tom Sawyer,3,"[1973.0, 2000.0, 2011.0]"
Thief,3,"[1971.0, 1981.0, 2006.0]"
Forever,3,"[2006.0, 2014.0, 2015.0]"
Fortress,3,"[1985.0, 1992.0, 2012.0]"
Flashback,3,"[1969.0, 1990.0, 2000.0]"
World Without End,2,"[1956.0, 2012.0]"
Women in Love,2,"[1969.0, 2011.0]"
Without Warning,2,"[1980.0, 1994.0]"
A Girl in Every Port,2,"[1928.0, 1952.0]"
A Good Marriage,2,"[1982.0, 2014.0]"
A Hole in the Head,2,"[1959.0, 1998.0]"
A Kiss Before Dying,2,"[1956.0, 1991.0]"
A Letter to Three Wives,2,"[1949.0, 1985.0]"
A Little Night Music,2,"[1977.0, 2002.0]"
A Little Princess,2,"[1986.0, 1995.0]"
A Long and Happy Life,2,"[1966.0, 2013.0]"
A Madea Christmas,2,"[2011.0, 2013.0]"
A Night to Remember,2,"[1942.0, 1958.0]"
A Nightmare on Elm Street,2,"[1984.0, 2010.0]"
A Perfect Day,2,"[2008.0, 2015.0]"
A Perfect Man,2,"[2013.0, 2015.0]"
A Place in the Sun,2,"[1951.0, 2012.0]"
Western,2,"[1997.0, 2015.0]"
What Price Glory,2,"[1926.0, 1952.0]"
Farewell,2,"[1981.0, 2009.0]"
Father of the Bride,2,"[1950.0, 1991.0]"
Fatherland,2,"[1986.0, 1994.0]"
Fatso,2,"[1980.0, 2008.0]"
Fear in the Night,2,"[1947.0, 1972.0]"
Fearless,2,"[1993.0, 2006.0]"
Feast,2,"[2005.0, 2014.0]"
Feed,2,"[2005.0, 2017.0]"
Female,2,"[1933.0, 2005.0]"
Fever,2,"[1991.0, 1999.0]"
Fever Pitch,2,"[1997.0, 2005.0]"
10 Minutes,2,"[2002.0, 2014.0]"
12 Angry Men,2,"[1957.0, 1997.0]"
12 Chairs,2,"[1971.0, 1976.0]"
2:22,2,"[2008.0, 2017.0]"
3:10 to Yuma,2,"[1957.0, 2007.0]"
Fracture,2,"[2007.0, 2010.0]"
Final Justice,2,"[1985.0, 1988.0]"
Finders Keepers,2,"[2014.0, 2015.0]"
Fire Down Below,2,"[1957.0, 1997.0]"
Fire with Fire,2,"[1986.0, 2012.0]"
Fires on the Plain,2,"[1959.0, 2014.0]"
Firestorm,2,"[1998.0, 2013.0]"
Fireworks,2,"[1947.0, 1997.0]"
First Daughter,2,"[1999.0, 2004.0]"
Fist of the North Star,2,"[1986.0, 1995.0]"
Flash Gordon,2,"[1936.0, 1980.0]"
Flawless,2,"[1999.0, 2007.0]"
Flipper,2,"[1963.0, 1996.0]"
Flowers in the Attic,2,"[1987.0, 2014.0]"
Fantastic Four,2,"[2005.0, 2015.0]"
Far from the Madding Crowd,2,"[1967.0, 2015.0]"
Factory Girl,2,"[2006.0, 2013.0]"
Faithless,2,"[1932.0, 2000.0]"
Fame,2,"[1980.0, 2009.0]"
Family Life,2,[1971.0]
Fanny Hill,2,"[1964.0, 2007.0]"
Fluke,2,"[1995.0, 2008.0]"
Fly Away,2,"[2011.0, 2012.0]"
Fly Me to the Moon,2,"[2008.0, 2012.0]"
Focus,2,"[2001.0, 2015.0]"
Footloose,2,"[1984.0, 2011.0]"
Forget Me Not,2,"[2009.0, 2011.0]"
Forgive Me,2,"[2001.0, 2006.0]"
Forgotten,2,"[2012.0, 2014.0]"
Forsaken,2,"[2015.0, 2016.0]"
Four Sons,2,"[1928.0, 1940.0]"
Foxfire,2,"[1996.0, 2012.0]"
Frankenweenie,2,"[1984.0, 2012.0]"
Frankie and Johnny,2,"[1966.0, 1991.0]"
Free Fall,2,"[2013.0, 2014.0]"
Freeheld,2,"[2007.0, 2015.0]"
Freeway,2,"[1988.0, 1996.0]"
Fresh,2,"[1994.0, 2009.0]"
Friday,2,"[1995.0, 2016.0]"
Friday the 13th,2,"[1980.0, 2009.0]"
Friend,2,"[1988.0, 2015.0]"
Fright Night,2,"[1985.0, 2011.0]"
From the Earth to the Moon,2,"[1958.0, 1998.0]"
Extraction,2,"[2013.0, 2015.0]"
Eye for an Eye,2,"[1966.0, 1996.0]"
Eye in the Sky,2,"[2007.0, 2015.0]"
FC Venus,2,"[2005.0, 2006.0]"
Face to Face,2,"[1967.0, 1976.0]"
Girlhood,2,"[2003.0, 2014.0]"
Girls Town,2,"[1959.0, 1996.0]"
Fugitives,2,"[1986.0, 2000.0]"
Full Speed,2,"[1996.0, 2016.0]"
Fun with Dick and Jane,2,"[1977.0, 2005.0]"
Funny Farm,2,"[1975.0, 1988.0]"
Funny Games,2,"[1997.0, 2007.0]"
Fury,2,"[1936.0, 2014.0]"
Gabriel,2,"[2007.0, 2014.0]"
Gabrielle,2,"[2005.0, 2013.0]"
Gambit,2,"[1966.0, 2012.0]"
Game Over,2,"[2005.0, 2006.0]"
Game of Death,2,"[1978.0, 2010.0]"
Gamer,2,"[2001.0, 2009.0]"
Gangsters,2,"[1977.0, 2002.0]"
Gaslight,2,"[1940.0, 1944.0]"
Graduation,2,"[2007.0, 2016.0]"
Grand Hotel,2,"[1932.0, 2016.0]"
Grandma,2,"[1979.0, 2015.0]"
Grandma's Boy,2,"[1922.0, 2006.0]"
Genocide,2,"[1968.0, 1982.0]"
Geronimo,2,"[1962.0, 2014.0]"
Get Carter,2,"[1971.0, 2000.0]"
Get Out,2,"[2010.0, 2017.0]"
Ghajini,2,"[2005.0, 2008.0]"
Ghost in the Shell,2,"[1995.0, 2017.0]"
Ghostbusters,2,"[1984.0, 2016.0]"
Ghosts,2,"[1997.0, 2005.0]"
Ghoul,2,"[2012.0, 2015.0]"
Giant,2,"[1956.0, 2009.0]"
Gigi,2,"[1949.0, 1958.0]"
Girl,2,"[1998.0, 2002.0]"
Eternal Summer,2,"[2006.0, 2015.0]"
Eureka,2,"[1983.0, 2000.0]"
Eva,2,"[1962.0, 2010.0]"
Everest,2,"[1998.0, 2015.0]"
Evergreen,2,"[1934.0, 2004.0]"
Everything Must Go,2,"[1996.0, 2010.0]"
Evolution,2,"[2001.0, 2015.0]"
Exodus,2,"[1960.0, 2007.0]"
Go West,2,"[1925.0, 1940.0]"
Godspeed,2,"[2009.0, 2016.0]"
Going in Style,2,"[1979.0, 2017.0]"
Going the Distance,2,"[2004.0, 2010.0]"
Gone,2,"[2006.0, 2012.0]"
Good for Nothing,2,"[2011.0, 2014.0]"
"Goodbye, Mr. Chips",2,"[1939.0, 1969.0]"
Gossip,2,[2000.0]
Hawaii,2,"[1966.0, 2013.0]"
Hawking,2,"[2004.0, 2013.0]"
Gravity,2,"[2010.0, 2013.0]"
Grey Gardens,2,"[1975.0, 2009.0]"
Grotesque,2,"[1988.0, 2009.0]"
Guernica,2,"[1950.0, 2016.0]"
Guys and Dolls,2,"[1955.0, 2007.0]"
Gypsy,2,"[1962.0, 1993.0]"
Hacker,2,"[2002.0, 2016.0]"
Hairspray,2,"[1988.0, 2007.0]"
Halloween II,2,"[1981.0, 2009.0]"
Hammer,2,"[1972.0, 2016.0]"
Hansel and Gretel,2,"[1982.0, 1988.0]"
Erotikon,2,"[1920.0, 1929.0]"
Escape by Night,2,"[1937.0, 1960.0]"
Escape to Witch Mountain,2,"[1975.0, 1995.0]"
Heaven Can Wait,2,"[1943.0, 1978.0]"
Heavy Petting,2,"[1989.0, 2007.0]"
Heavyweights,2,"[1995.0, 2007.0]"
Hector,2,"[1987.0, 2015.0]"
Heist,2,"[2001.0, 2015.0]"
Held Up,2,"[1999.0, 2010.0]"
Happily Ever After,2,"[1990.0, 2004.0]"
Happy,2,"[2006.0, 2011.0]"
Happy Days,2,"[1978.0, 2007.0]"
Happy Family,2,"[2006.0, 2010.0]"
Happy Together,2,"[1989.0, 1997.0]"
Harakiri,2,"[1919.0, 1962.0]"
Hard Luck,2,"[1921.0, 2007.0]"
Hard to Be a God,2,"[1989.0, 2013.0]"
Hardcore,2,"[1979.0, 2004.0]"
Harvey,2,"[1950.0, 1996.0]"
Employee of the Month,2,"[2004.0, 2006.0]"
Enchanted April,2,"[1935.0, 1991.0]"
Enchantment,2,"[1921.0, 1948.0]"
End of the Line,2,"[1987.0, 2007.0]"
End of the World,2,"[1977.0, 2013.0]"
Endangered Species,2,"[1982.0, 2003.0]"
Endless Love,2,"[1981.0, 2014.0]"
Envy,2,"[2004.0, 2009.0]"
Equinox,2,"[1970.0, 1992.0]"
Erased,2,"[2012.0, 2016.0]"
Headshot,2,"[2011.0, 2016.0]"
Heartbreak Hotel,2,"[1988.0, 2006.0]"
Heartbreakers,2,"[1984.0, 2001.0]"
Hearts and Minds,2,"[1974.0, 1995.0]"
Heat Wave,2,"[1990.0, 2011.0]"
Heaven,2,"[1999.0, 2002.0]"
Hostage,2,[2005.0]
Hot Pursuit,2,"[1987.0, 2015.0]"
Helen,2,"[2008.0, 2009.0]"
Hellgate,2,"[1989.0, 2011.0]"
Henry V,2,"[1944.0, 1989.0]"
Hidden,2,"[2009.0, 2015.0]"
Hidden Agenda,2,"[1990.0, 2001.0]"
Hidden Away,2,"[2013.0, 2014.0]"
High Noon,2,"[1952.0, 2009.0]"
High Risk,2,"[1981.0, 1995.0]"
High School,2,"[1968.0, 2010.0]"
High Society,2,"[1955.0, 1956.0]"
High Strung,2,"[1991.0, 2016.0]"
Embassy,2,"[1972.0, 2013.0]"
Embrace of the Vampire,2,"[1995.0, 2013.0]"
Empire,2,"[1964.0, 2002.0]"
House on Haunted Hill,2,"[1959.0, 1999.0]"
Housekeeping,2,"[1987.0, 2015.0]"
How to Make a Monster,2,"[1958.0, 2001.0]"
Howl,2,"[2010.0, 2015.0]"
Human,2,"[2013.0, 2015.0]"
Hurricane,2,"[1974.0, 1979.0]"
Hush!,2,"[2001.0, 2003.0]"
Hyenas,2,"[1992.0, 2010.0]"
I Accuse,2,"[1938.0, 2003.0]"
Hiroshima,2,"[2005.0, 2009.0]"
Holy Matrimony,2,"[1943.0, 1994.0]"
Home Movie,2,"[2001.0, 2008.0]"
Home for the Holidays,2,"[1974.0, 1995.0]"
Homecoming,2,"[2009.0, 2015.0]"
Hope Springs,2,"[2003.0, 2012.0]"
Horton Hears a Who!,2,"[1970.0, 2008.0]"
I Love You Too,2,"[2001.0, 2010.0]"
I Remember You,2,"[1986.0, 2015.0]"
I Spit on Your Grave,2,"[1978.0, 2010.0]"
I Want You,2,"[1998.0, 2012.0]"
I'll Sleep When I'm Dead,2,"[2003.0, 2016.0]"
I'm Staying,2,"[2003.0, 2007.0]"
Ice Castles,2,"[1978.0, 2010.0]"
Iceman,2,"[1984.0, 2014.0]"
If I Were You,2,"[2006.0, 2013.0]"
Illegal,2,"[1955.0, 2010.0]"
Imitation of Life,2,"[1934.0, 1959.0]"
Impact,2,"[1949.0, 2009.0]"
Houdini,2,"[1953.0, 2014.0]"
House of Cards,2,"[1968.0, 1993.0]"
House of Usher,2,"[1960.0, 2008.0]"
House of Wax,2,"[1953.0, 2005.0]"
Earth vs. the Spider,2,"[1958.0, 2001.0]"
Easy Living,2,"[1937.0, 1949.0]"
Easy Money,2,"[1983.0, 2010.0]"
Easy Virtue,2,"[1928.0, 2008.0]"
Edge of Darkness,2,"[1943.0, 2010.0]"
El Dorado,2,"[1966.0, 1988.0]"
El Greco,2,"[1966.0, 2007.0]"
Election,2,"[1999.0, 2005.0]"
Elegy,2,"[2008.0, 2014.0]"
Elena,2,"[2011.0, 2013.0]"
Elephant,2,"[1989.0, 2003.0]"
Elevator,2,"[2008.0, 2011.0]"
I Am,2,"[2005.0, 2011.0]"
I Am the Law,2,"[1938.0, 1977.0]"
I Do,2,"[2006.0, 2013.0]"
I Love Trouble,2,"[1948.0, 1994.0]"
Isolation,2,"[2005.0, 2015.0]"
It Takes Two,2,"[1988.0, 1995.0]"
It's Alive,2,"[1974.0, 2008.0]"
It's Such a Beautiful Day,2,"[2011.0, 2012.0]"
Ivanhoe,2,"[1952.0, 1982.0]"
In Cold Blood,2,"[1967.0, 1996.0]"
In Your Hands,2,"[2004.0, 2010.0]"
Incubus,2,"[1966.0, 2006.0]"
Indian Summer,2,"[1972.0, 1993.0]"
Inherit the Wind,2,"[1960.0, 1999.0]"
Inseparable,2,"[2011.0, 2013.0]"
Insomnia,2,"[1997.0, 2002.0]"
Interrogation,2,"[1989.0, 2016.0]"
Into the Storm,2,"[2009.0, 2014.0]"
Into the Sun,2,"[1992.0, 2005.0]"
Déjà Vu,2,"[1998.0, 2006.0]"
Dreamcatcher,2,"[2003.0, 2015.0]"
Dreams,2,"[1955.0, 1990.0]"
Drifters,2,"[2011.0, 2015.0]"
Drishyam,2,"[2013.0, 2015.0]"
Drive,2,"[1997.0, 2011.0]"
Driving Me Crazy,2,"[1988.0, 1991.0]"
Drone,2,"[2014.0, 2017.0]"
Dunkirk,2,"[1958.0, 2017.0]"
Into the West,2,"[1992.0, 2005.0]"
Intruder,2,"[1989.0, 2016.0]"
Invaders from Mars,2,"[1953.0, 1986.0]"
Invasion,2,"[1969.0, 1997.0]"
Invasion of the Body Snatchers,2,"[1956.0, 1978.0]"
Invincible,2,"[2001.0, 2006.0]"
Iris,2,"[2001.0, 2014.0]"
Island of Lost Souls,2,"[1932.0, 2007.0]"
Jump,2,"[1965.0, 2012.0]"
Just My Luck,2,"[1957.0, 2006.0]"
Jack the Giant Killer,2,"[1962.0, 2013.0]"
Jack the Ripper,2,"[1976.0, 1988.0]"
Jail Bait,2,"[1954.0, 1973.0]"
Jailbait,2,"[2004.0, 2014.0]"
Jason and the Argonauts,2,"[1963.0, 2001.0]"
Jealousy,2,"[1953.0, 2013.0]"
Jeremy,2,"[1973.0, 2016.0]"
Jersey Girl,2,"[1992.0, 2004.0]"
Jerusalem,2,"[1996.0, 2013.0]"
Jesus,2,"[1979.0, 1999.0]"
Jesus Christ Superstar,2,"[1973.0, 2000.0]"
Dragonfly,2,"[1976.0, 2002.0]"
Dragonslayer,2,"[1981.0, 2011.0]"
Dream,2,"[1941.0, 2008.0]"
Kill 'em All,2,"[2012.0, 2017.0]"
Kill Switch,2,"[2008.0, 2017.0]"
Kill Your Darlings,2,"[2006.0, 2013.0]"
Killer,2,"[1994.0, 1998.0]"
Killer Cop,2,"[1975.0, 2002.0]"
Killers,2,"[2010.0, 2014.0]"
Killjoy,2,"[1981.0, 2000.0]"
Joan of Arc,2,"[1948.0, 1999.0]"
Joanna,2,"[2010.0, 2013.0]"
Joe,2,"[1970.0, 2014.0]"
Joshua,2,"[2002.0, 2007.0]"
Journey Into Fear,2,"[1943.0, 1975.0]"
Joy,2,"[2010.0, 2015.0]"
Judas Kiss,2,"[1998.0, 2011.0]"
Judex,2,"[1916.0, 1963.0]"
Juha,2,"[1937.0, 1999.0]"
Kiss Me Again,2,"[2006.0, 2010.0]"
Kiss Me Goodbye,2,"[1982.0, 1986.0]"
Kiss of Death,2,"[1947.0, 1995.0]"
Kisses,2,"[1957.0, 2008.0]"
Kite,2,"[1998.0, 2014.0]"
Knock Knock,2,"[2008.0, 2015.0]"
Knockout,2,"[2000.0, 2011.0]"
Kon-Tiki,2,"[1950.0, 2012.0]"
LOL,2,"[2006.0, 2012.0]"
Kamikaze,2,"[1986.0, 2014.0]"
Kandahar,2,"[2001.0, 2010.0]"
Karlsson on the Roof,2,"[1974.0, 2002.0]"
Kick,2,"[2009.0, 2014.0]"
Kid Galahad,2,"[1937.0, 1962.0]"
"Kidnapping, Caucasian Style",2,"[1967.0, 2014.0]"
Kiki's Delivery Service,2,"[1989.0, 2014.0]"
Dogs,2,"[1976.0, 2016.0]"
Don Juan,2,"[1926.0, 1998.0]"
Don't Be Afraid of the Dark,2,"[1973.0, 2010.0]"
Don't Drink the Water,2,"[1969.0, 1994.0]"
Don't Hang Up,2,"[1975.0, 2016.0]"
Don't Look Up,2,"[1996.0, 2009.0]"
Doppelganger,2,"[1993.0, 2003.0]"
Dorian Gray,2,"[1970.0, 2009.0]"
Double Indemnity,2,"[1944.0, 1973.0]"
Double Take,2,"[2001.0, 2009.0]"
Double Wedding,2,"[1937.0, 2010.0]"
Downhill,2,"[1927.0, 2014.0]"
Kind Lady,2,"[1935.0, 1951.0]"
King Cobra,2,"[1999.0, 2016.0]"
Kingdom Come,2,"[2011.0, 2014.0]"
Kismet,2,"[1944.0, 1955.0]"
Little Dorrit,2,"[1987.0, 2008.0]"
Lady Killer,2,"[1933.0, 1937.0]"
Lady in White,2,"[1962.0, 1988.0]"
Lamerica,2,"[1994.0, 2015.0]"
Landscape,2,"[2000.0, 2003.0]"
Lassie,2,"[1994.0, 2005.0]"
Last Holiday,2,"[1950.0, 2006.0]"
Last Man Standing,2,"[1996.0, 2011.0]"
Last Night,2,"[1998.0, 2010.0]"
Last Resort,2,"[1986.0, 2000.0]"
Last Summer,2,"[1969.0, 2013.0]"
Late Autumn,2,"[1960.0, 2010.0]"
Law and Order,2,"[1953.0, 1969.0]"
Leap Year,2,[2010.0]
Left Behind,2,"[2000.0, 2014.0]"
Dog Tags,2,"[1987.0, 2008.0]"
Lizzie,2,"[1957.0, 2013.0]"
Local Color,2,"[1977.0, 2006.0]"
Logan,2,"[2010.0, 2017.0]"
Lolita,2,"[1962.0, 1997.0]"
London,2,"[1994.0, 2005.0]"
London After Midnight,2,"[1927.0, 2002.0]"
Legend,2,"[1985.0, 2015.0]"
Legion,2,"[1998.0, 2010.0]"
Lemonade,2,"[2015.0, 2016.0]"
Les Miserables,2,"[1952.0, 1995.0]"
Lifted,2,"[2006.0, 2010.0]"
Like Crazy,2,"[2011.0, 2016.0]"
"Like Father, Like Son",2,"[1965.0, 2013.0]"
Liliom,2,"[1930.0, 1934.0]"
Limelight,2,"[1952.0, 2011.0]"
Lionheart,2,"[1987.0, 1990.0]"
Lost Horizon,2,"[1937.0, 1973.0]"
Love Affair,2,"[1939.0, 1994.0]"
Love Exposure,2,"[2007.0, 2008.0]"
Love Hotel,2,"[1985.0, 2014.0]"
Love Hurts,2,"[2002.0, 2009.0]"
Love Is in the Air,2,"[2011.0, 2013.0]"
Love Stories,2,"[2000.0, 2016.0]"
Love and Honor,2,"[2006.0, 2013.0]"
Love in the Afternoon,2,"[1957.0, 1972.0]"
Love on the Run,2,"[1936.0, 1979.0]"
Little Lord Fauntleroy,2,"[1936.0, 1980.0]"
Little Man,2,[2006.0]
Little Men,2,"[1998.0, 2016.0]"
Little Miss Marker,2,"[1934.0, 1980.0]"
Little Monsters,2,"[1989.0, 2012.0]"
Little Sister,2,"[1992.0, 2016.0]"
Dirty Dancing,2,"[1987.0, 2017.0]"
Dirty Deeds,2,"[2002.0, 2005.0]"
Dirty Hands,2,"[1975.0, 1989.0]"
Dirty Weekend,2,"[1973.0, 2015.0]"
Disorder,2,"[2009.0, 2015.0]"
Distant Thunder,2,"[1973.0, 1988.0]"
Django,2,"[1966.0, 2017.0]"
Doctor Dolittle,2,"[1967.0, 1998.0]"
Doctor Strange,2,"[2007.0, 2016.0]"
Dog,2,"[2001.0, 2015.0]"
Dog Eat Dog,2,"[2009.0, 2016.0]"
Long Day's Journey Into Night,2,"[1962.0, 1987.0]"
Long Weekend,2,"[1978.0, 2009.0]"
Loose Cannons,2,"[1990.0, 2010.0]"
Lord of the Flies,2,"[1963.0, 1990.0]"
Lost & Found,2,"[1999.0, 2016.0]"
Man on Fire,2,"[1987.0, 2004.0]"
Manhunt,2,"[1976.0, 2008.0]"
Lovesick,2,"[1983.0, 2014.0]"
Loving,2,"[1970.0, 2016.0]"
Lucky Luke,2,"[1991.0, 2009.0]"
Lucy,2,"[2003.0, 2014.0]"
Lullaby,2,"[2014.0, 2015.0]"
Lust for Gold,2,"[1949.0, 1974.0]"
Luther,2,"[1974.0, 2003.0]"
M,2,"[1931.0, 1951.0]"
Madagascar,2,"[2005.0, 2011.0]"
Mademoiselle,2,"[1966.0, 2001.0]"
Diary of a Chambermaid,2,"[1964.0, 2015.0]"
Diggers,2,"[2006.0, 2016.0]"
Dillinger,2,"[1945.0, 1973.0]"
Dinosaur Island,2,"[1994.0, 2014.0]"
Masterminds,2,"[1997.0, 2016.0]"
Mata Hari,2,"[1931.0, 1985.0]"
Match,2,"[2012.0, 2014.0]"
Matilda,2,"[1978.0, 1996.0]"
Magicians,2,"[1982.0, 2007.0]"
Magnificent Obsession,2,"[1935.0, 1954.0]"
Magnus,2,"[2007.0, 2016.0]"
Mail Order Bride,2,"[1964.0, 2003.0]"
Main Street,2,"[1956.0, 2010.0]"
Malcolm X,2,"[1972.0, 1992.0]"
Malicious,2,"[1973.0, 1995.0]"
Mama,2,"[1976.0, 2013.0]"
Mammoth,2,"[2006.0, 2009.0]"
Man of the House,2,"[1995.0, 2005.0]"
Man of the Moment,2,"[1935.0, 1955.0]"
Man of the Year,2,"[1995.0, 2006.0]"
Mermaid,2,"[1997.0, 2007.0]"
Metamorphosis,2,"[1990.0, 2003.0]"
Metastases,2,"[2009.0, 2012.0]"
Meteor,2,"[1979.0, 2009.0]"
Metro,2,"[1997.0, 2013.0]"
Metropolis,2,"[1927.0, 2001.0]"
Mannequin,2,"[1937.0, 1987.0]"
Manon of the Spring,2,"[1952.0, 1986.0]"
Mansfield Park,2,"[1999.0, 2007.0]"
Manslaughter,2,"[1922.0, 2005.0]"
Marathon,2,"[2002.0, 2005.0]"
Margaret,2,"[2009.0, 2011.0]"
Marie Antoinette,2,"[1938.0, 2006.0]"
Marius,2,"[1931.0, 2013.0]"
Martyrs,2,"[2008.0, 2016.0]"
Masquerade,2,"[1988.0, 2012.0]"
Desire,2,"[1936.0, 2011.0]"
Destroyer,2,"[1943.0, 1988.0]"
Detention,2,"[2003.0, 2011.0]"
Devdas,2,"[1955.0, 2002.0]"
Devil in the Flesh,2,"[1947.0, 1998.0]"
Devil's Playground,2,"[2002.0, 2010.0]"
Diabolique,2,"[1955.0, 1996.0]"
Mayerling,2,"[1936.0, 1968.0]"
Me Too,2,"[2009.0, 2012.0]"
Medea,2,"[1969.0, 1988.0]"
Melody,2,"[1971.0, 2014.0]"
Memorial Day,2,"[1983.0, 2011.0]"
Memories,2,"[1995.0, 2013.0]"
Memory Lane,2,"[2010.0, 2011.0]"
Men with Guns,2,"[1997.0, 1998.0]"
Mercenaries,2,"[2011.0, 2014.0]"
Morgan,2,"[2012.0, 2016.0]"
Morning Glory,2,"[1933.0, 2010.0]"
Mortuary,2,"[1983.0, 2005.0]"
Mickey,2,"[1918.0, 2004.0]"
Middle of Nowhere,2,"[2008.0, 2012.0]"
Midnight Sun,2,"[2006.0, 2014.0]"
Mighty Joe Young,2,"[1949.0, 1998.0]"
Mildred Pierce,2,"[1945.0, 2011.0]"
Mine,2,"[2009.0, 2016.0]"
Miracle on 34th Street,2,"[1947.0, 1994.0]"
Mirror Mirror,2,"[1990.0, 2012.0]"
Mischief Night,2,"[2013.0, 2014.0]"
Dementia,2,"[1955.0, 2015.0]"
Demon Hunter,2,"[2005.0, 2012.0]"
Derailed,2,"[2002.0, 2005.0]"
Deserter,2,"[1933.0, 2002.0]"
Mutants,2,"[2008.0, 2009.0]"
Mutiny on the Bounty,2,"[1935.0, 1962.0]"
My Best Friend,2,"[2001.0, 2006.0]"
My Best Friend's Girl,2,"[1983.0, 2008.0]"
My Bloody Valentine,2,"[1981.0, 2009.0]"
My Blue Heaven,2,"[1950.0, 1990.0]"
Mistress,2,"[1975.0, 1992.0]"
Moana,2,"[1926.0, 2016.0]"
Moby Dick,2,"[1956.0, 2011.0]"
Moebius,2,"[1996.0, 2013.0]"
Mom,2,"[1991.0, 2017.0]"
Momentum,2,"[2003.0, 2015.0]"
Mommy,2,"[1995.0, 2014.0]"
Monkey Business,2,"[1931.0, 1952.0]"
Monte Carlo,2,"[1930.0, 2011.0]"
More,2,"[1969.0, 1998.0]"
My Sassy Girl,2,"[2001.0, 2008.0]"
My Sister Eileen,2,"[1942.0, 1955.0]"
My Son,2,"[2006.0, 2007.0]"
My Way,2,"[2011.0, 2012.0]"
Mysterious Island,2,"[1961.0, 2005.0]"
Mädchen in Uniform,2,"[1931.0, 1958.0]"
Nana,2,"[1926.0, 1934.0]"
Nancy Drew,2,"[2002.0, 2007.0]"
Napoleon,2,"[1927.0, 1995.0]"
Natural Selection,2,"[2011.0, 2016.0]"
Mouth to Mouth,2,"[1995.0, 2005.0]"
Moving Target,2,"[1988.0, 1996.0]"
Mr. & Mrs. Smith,2,"[1941.0, 2005.0]"
Mr. Jones,2,"[1993.0, 2013.0]"
Murder on the Orient Express,2,"[1974.0, 2001.0]"
Murders in the Rue Morgue,2,"[1932.0, 1971.0]"
Dead Silence,2,"[1997.0, 2007.0]"
Dead of Night,2,"[1945.0, 1974.0]"
Deadlier Than the Male,2,"[1956.0, 1967.0]"
Deal,2,"[2008.0, 2012.0]"
Death Sentence,2,"[1974.0, 2007.0]"
Death Valley,2,"[1982.0, 2015.0]"
Death at a Funeral,2,"[2007.0, 2010.0]"
Deception,2,"[1946.0, 2008.0]"
Deck the Halls,2,"[2006.0, 2011.0]"
Defiance,2,"[1980.0, 2008.0]"
Delirious,2,"[1991.0, 2006.0]"
My Cousin Rachel,2,"[1952.0, 2017.0]"
My Father the Hero,2,"[1991.0, 1994.0]"
My Girl,2,"[1991.0, 2003.0]"
My Man,2,"[1996.0, 2014.0]"
My Man Godfrey,2,"[1936.0, 1957.0]"
No Mercy,2,"[1986.0, 2010.0]"
No Smoking,2,"[1951.0, 2007.0]"
No Way Out,2,"[1950.0, 1987.0]"
Noah,2,"[2013.0, 2014.0]"
Nature of the Beast,2,"[1995.0, 2007.0]"
Ned Kelly,2,"[1970.0, 2003.0]"
Never a Dull Moment,2,"[1950.0, 1968.0]"
New Year's Eve,2,"[1924.0, 2011.0]"
"New York, New York",2,"[1977.0, 2016.0]"
Night Flight,2,"[1933.0, 2014.0]"
Night Moves,2,"[1975.0, 2014.0]"
Night and Fog,2,"[1955.0, 2009.0]"
Night and the City,2,"[1950.0, 1992.0]"
Night of the Demon,2,"[1957.0, 1980.0]"
Night of the Demons,2,"[1988.0, 2009.0]"
Dead Heat,2,"[1988.0, 2002.0]"
Normal,2,"[2003.0, 2009.0]"
North,2,"[1994.0, 2009.0]"
Nothing Personal,2,"[1996.0, 2009.0]"
Nothing to Lose,2,"[1994.0, 1997.0]"
Notorious,2,"[1946.0, 2009.0]"
Nowhere to Hide,2,"[1999.0, 2009.0]"
Nymph,2,"[2009.0, 2014.0]"
Oasis,2,"[2002.0, 2017.0]"
Night of the Living Dead,2,"[1968.0, 1990.0]"
Nightmares,2,"[1980.0, 1983.0]"
Nightwatch,2,"[1994.0, 1997.0]"
Nina,2,"[1978.0, 2016.0]"
Nirvana,2,"[1997.0, 2008.0]"
No Escape,2,"[1994.0, 2015.0]"
No Good Deed,2,"[2002.0, 2014.0]"
No Man of Her Own,2,"[1932.0, 1950.0]"
David Copperfield,2,"[1935.0, 2001.0]"
David and Lisa,2,"[1962.0, 1998.0]"
Dawn of the Dead,2,"[1978.0, 2004.0]"
Day One,2,"[1989.0, 2015.0]"
Day and Night,2,"[1997.0, 2004.0]"
Day of Wrath,2,"[1943.0, 2006.0]"
Day of the Dead,2,"[1985.0, 2008.0]"
Days of Glory,2,"[1944.0, 2006.0]"
Days of Hope,2,"[1945.0, 1975.0]"
Dead Birds,2,"[1963.0, 2004.0]"
Noah's Ark,2,"[1928.0, 1999.0]"
Nobody's Fool,2,"[1986.0, 1994.0]"
Nobody's Perfect,2,"[1990.0, 2008.0]"
Nocturna,2,"[2007.0, 2015.0]"
Noise,2,"[2004.0, 2008.0]"
Non-Stop,2,"[2013.0, 2014.0]"
Out of Time,2,"[1988.0, 2003.0]"
Ocean's Eleven,2,"[1960.0, 2001.0]"
Of Mice and Men,2,"[1939.0, 1992.0]"
Off Beat,2,"[1986.0, 2004.0]"
Office,2,[2015.0]
Oklahoma!,2,"[1955.0, 1999.0]"
Oldboy,2,"[2003.0, 2013.0]"
On the Beach,2,"[1959.0, 2000.0]"
On the Edge,2,"[2001.0, 2006.0]"
Once Upon a Time,2,"[1922.0, 2008.0]"
One Foot in Heaven,2,"[1941.0, 1991.0]"
One Missed Call,2,"[2003.0, 2008.0]"
One More Time,2,"[1970.0, 2016.0]"
One Way or Another,2,"[1976.0, 1978.0]"
Darkness,2,"[2002.0, 2013.0]"
Darkness Falls,2,"[1999.0, 2003.0]"
Paparazzi,2,"[1998.0, 2004.0]"
Parade,2,"[1974.0, 2010.0]"
Paradox,2,"[2010.0, 2016.0]"
Parental Guidance,2,"[1996.0, 2012.0]"
One Week,2,"[1920.0, 2008.0]"
One on One,2,"[1977.0, 2014.0]"
Open Season,2,"[1996.0, 2006.0]"
Opening Night,2,"[1977.0, 2016.0]"
Operator,2,"[2015.0, 2016.0]"
Orphan,2,"[2009.0, 2017.0]"
Oscar,2,"[1967.0, 1991.0]"
Other Worlds,2,"[1999.0, 2004.0]"
Our Daily Bread,2,"[1934.0, 2006.0]"
Out Cold,2,"[1989.0, 2001.0]"
Out of Bounds,2,"[1986.0, 2011.0]"
Out of Reach,2,"[2004.0, 2013.0]"
Cyrano de Bergerac,2,"[1950.0, 1990.0]"
Dad,2,"[1989.0, 2010.0]"
Dad's Army,2,"[1971.0, 2016.0]"
Daddy,2,"[1995.0, 2004.0]"
Dante's Inferno,2,"[1935.0, 2007.0]"
Dark City,2,"[1950.0, 1998.0]"
Dark House,2,"[2009.0, 2014.0]"
Dark Water,2,"[2002.0, 2005.0]"
Out of the Dark,2,"[1995.0, 2014.0]"
Out on a Limb,2,"[1987.0, 1992.0]"
Outside the Law,2,"[2002.0, 2010.0]"
Paid in Full,2,"[1950.0, 2002.0]"
Pan,2,"[1995.0, 2015.0]"
Pandora's Box,2,"[1929.0, 2008.0]"
Panic,2,"[1947.0, 2000.0]"
Panic Button,2,"[1964.0, 2011.0]"
Poil de Carotte,2,"[1925.0, 1932.0]"
Point Blank,2,"[1967.0, 2010.0]"
Point Break,2,"[1991.0, 2015.0]"
Parents,2,"[1989.0, 2007.0]"
Parineeta,2,"[1953.0, 2005.0]"
Passengers,2,"[2008.0, 2016.0]"
Pathfinder,2,"[1987.0, 2007.0]"
Patrick,2,"[1978.0, 2013.0]"
Peacock,2,"[2010.0, 2015.0]"
Penelope,2,"[1966.0, 2006.0]"
Perfect Strangers,2,"[1945.0, 2016.0]"
Pete's Dragon,2,"[1977.0, 2016.0]"
Photographer,2,"[1998.0, 2015.0]"
Crocodile,2,"[1996.0, 2000.0]"
"Cry, the Beloved Country",2,"[1952.0, 1995.0]"
Cyberbully,2,"[2011.0, 2015.0]"
Premonition,2,"[2004.0, 2007.0]"
Presumed Guilty,2,"[2008.0, 2011.0]"
Pretty Baby,2,"[1950.0, 1978.0]"
Priceless,2,"[2006.0, 2016.0]"
Pickpocket,2,"[1959.0, 1997.0]"
Picnic,2,"[1955.0, 1996.0]"
Pie in the Sky,2,"[1935.0, 1996.0]"
Pigs,2,"[1992.0, 2007.0]"
Pilgrimage,2,"[1933.0, 2001.0]"
Piranha,2,"[1978.0, 1995.0]"
Pitfall,2,"[1948.0, 1962.0]"
Pixels,2,"[2010.0, 2015.0]"
Pizza,2,"[2005.0, 2012.0]"
Planet of the Apes,2,"[1968.0, 2001.0]"
Playground,2,"[2009.0, 2016.0]"
Playing for Keeps,2,"[1986.0, 2012.0]"
Private Lessons,2,"[1981.0, 2008.0]"
Private Parts,2,"[1972.0, 1997.0]"
Private Property,2,"[1960.0, 2006.0]"
Prom Night,2,"[1980.0, 2008.0]"
Promise,2,"[1986.0, 2005.0]"
Promised Land,2,"[1987.0, 2012.0]"
Proof,2,"[1991.0, 2005.0]"
Proteus,2,"[1995.0, 2003.0]"
Providence,2,"[1977.0, 2016.0]"
Poison Ivy,2,"[1985.0, 1992.0]"
Pollyanna,2,"[1960.0, 2003.0]"
Poltergeist,2,"[1982.0, 2015.0]"
Popcorn,2,"[1991.0, 2007.0]"
Port of Call,2,"[1948.0, 2015.0]"
Posse,2,"[1975.0, 1993.0]"
Power Rangers,2,"[2015.0, 2017.0]"
Courage,2,"[2009.0, 2011.0]"
Crackerjack,2,"[1994.0, 2002.0]"
Crash,2,"[1996.0, 2004.0]"
Crash Dive,2,"[1943.0, 1997.0]"
Crazy,2,"[2000.0, 2008.0]"
Crazy Horse,2,"[1996.0, 2011.0]"
Creep,2,"[2004.0, 2014.0]"
Crime Wave,2,"[1954.0, 1985.0]"
Criminal,2,"[2004.0, 2016.0]"
Crisis,2,"[1946.0, 1950.0]"
Pride,2,"[2007.0, 2014.0]"
Pride and Prejudice,2,"[1940.0, 1980.0]"
Priest,2,"[1994.0, 2011.0]"
Prince Valiant,2,"[1954.0, 1997.0]"
Princess,2,"[1969.0, 2006.0]"
Prison,2,"[1949.0, 1988.0]"
Red Dawn,2,"[1984.0, 2012.0]"
Red Heat,2,"[1985.0, 1988.0]"
Red Lights,2,"[2004.0, 2012.0]"
Red Riding Hood,2,"[2006.0, 2011.0]"
Red Sun,2,"[1970.0, 1971.0]"
Redline,2,"[2007.0, 2009.0]"
Provocateur,2,"[1995.0, 1998.0]"
Psycho,2,"[1960.0, 1998.0]"
Pure,2,"[2002.0, 2009.0]"
Pusher,2,"[1996.0, 2012.0]"
Quo Vadis,2,"[1951.0, 2001.0]"
Rabid Dogs,2,"[1974.0, 2015.0]"
Race,2,"[2008.0, 2016.0]"
Raffles,2,"[1930.0, 1939.0]"
Ransom,2,"[1975.0, 1996.0]"
Cops and Robbers,2,"[1951.0, 1973.0]"
Conan the Barbarian,2,"[1982.0, 2011.0]"
Concussion,2,"[2013.0, 2015.0]"
Coney Island,2,"[1917.0, 1943.0]"
Confession,2,"[1937.0, 2014.0]"
Conquest,2,"[1937.0, 1983.0]"
Conspiracy,2,"[2001.0, 2008.0]"
Contraband,2,"[1940.0, 2012.0]"
Rapid Fire,2,"[1992.0, 2006.0]"
Rapture,2,"[1965.0, 1979.0]"
Raw Deal,2,"[1948.0, 1986.0]"
Reality,2,"[2012.0, 2014.0]"
Rear Window,2,"[1954.0, 1998.0]"
Rebellion,2,"[2009.0, 2011.0]"
Rebirth,2,"[2011.0, 2016.0]"
Reckless,2,"[1984.0, 1995.0]"
Reconstruction,2,"[1970.0, 2003.0]"
Refuge,2,"[2012.0, 2013.0]"
Regeneration,2,"[1915.0, 1997.0]"
Rembrandt,2,"[1936.0, 1999.0]"
Repentance,2,"[1984.0, 2014.0]"
Requiem,2,"[2001.0, 2006.0]"
Restoration,2,"[1995.0, 2016.0]"
Return to Sender,2,"[2004.0, 2015.0]"
Reunion,2,"[1989.0, 2015.0]"
Revolution,2,"[1985.0, 2013.0]"
Rhinoceros,2,"[1964.0, 1974.0]"
College,2,"[1927.0, 2008.0]"
Come Undone,2,"[2000.0, 2010.0]"
Coming Soon,2,"[1999.0, 2008.0]"
Company,2,"[2002.0, 2011.0]"
Compulsion,2,"[1959.0, 2013.0]"
Comrades,2,"[1970.0, 1987.0]"
Rush,2,"[1991.0, 2013.0]"
Sabotage,2,"[1936.0, 2014.0]"
Sabrina,2,"[1954.0, 1995.0]"
Ricochet,2,"[1991.0, 2011.0]"
Ride,2,"[1998.0, 2014.0]"
Riff-Raff,2,"[1947.0, 1991.0]"
Rings,2,"[2005.0, 2017.0]"
Rio,2,"[1939.0, 2011.0]"
Riot,2,"[1969.0, 2015.0]"
River,2,"[2015.0, 2016.0]"
Riverworld,2,"[2003.0, 2010.0]"
Road,2,"[2002.0, 2014.0]"
Road House,2,"[1948.0, 1989.0]"
Roadie,2,"[1980.0, 2011.0]"
Roar,2,"[1981.0, 2014.0]"
Robbery,2,"[1967.0, 2015.0]"
City on Fire,2,"[1979.0, 1987.0]"
Clash,2,"[2009.0, 2016.0]"
Clash of the Titans,2,"[1981.0, 2010.0]"
Closed Circuit,2,"[1978.0, 2013.0]"
Cobra,2,"[1925.0, 1986.0]"
Cocktail,2,"[1988.0, 2012.0]"
Cold Sweat,2,"[1970.0, 1993.0]"
RoboCop,2,"[1987.0, 2014.0]"
Rollerball,2,"[1975.0, 2002.0]"
Roma,2,"[1972.0, 2004.0]"
Romeo and Juliet,2,"[1936.0, 1968.0]"
Room,2,"[2005.0, 2015.0]"
Rosemary's Baby,2,"[1968.0, 2014.0]"
Rough Cut,2,"[1980.0, 2008.0]"
Ruby,2,"[1977.0, 1992.0]"
Running Wild,2,"[1995.0, 2006.0]"
See No Evil,2,"[1971.0, 2006.0]"
Safe,2,"[1995.0, 2012.0]"
Safe House,2,"[1998.0, 2012.0]"
Salem's Lot,2,"[1979.0, 2004.0]"
Salvage,2,"[2006.0, 2010.0]"
Samsara,2,"[2001.0, 2011.0]"
San Quentin,2,"[1937.0, 1946.0]"
Santa Claws,2,"[1996.0, 2014.0]"
Save Me,2,"[1994.0, 2007.0]"
Saving Face,2,"[2004.0, 2012.0]"
Saw,2,"[2003.0, 2004.0]"
Chrysalis,2,"[2007.0, 2014.0]"
Cimarron,2,"[1931.0, 1960.0]"
Circus,2,"[1936.0, 2000.0]"
City Under Siege,2,"[1974.0, 2010.0]"
City of Ghosts,2,"[2002.0, 2017.0]"
Shaft,2,"[1971.0, 2000.0]"
Shall We Dance?,2,"[1996.0, 2004.0]"
Shame,2,"[1968.0, 2011.0]"
Shameless,2,"[2010.0, 2012.0]"
Scandal,2,"[1950.0, 1989.0]"
Scaramouche,2,"[1923.0, 1952.0]"
Scarface,2,"[1932.0, 1983.0]"
Scene of the Crime,2,"[1949.0, 1986.0]"
Scent of a Woman,2,"[1974.0, 1992.0]"
Schizo,2,"[1976.0, 2004.0]"
School for Scoundrels,2,"[1960.0, 2006.0]"
Scorned,2,"[1994.0, 2013.0]"
Screamers,2,"[1995.0, 2006.0]"
Screwed,2,"[2000.0, 2011.0]"
Secret,2,"[2007.0, 2009.0]"
Seduced and Abandoned,2,"[1964.0, 2013.0]"
Cheaper by the Dozen,2,"[1950.0, 2003.0]"
Chicago,2,"[1927.0, 2002.0]"
Child's Play,2,"[1972.0, 1988.0]"
Children of the Corn,2,"[1984.0, 2009.0]"
China Gate,2,"[1957.0, 1998.0]"
Christmas Eve,2,"[1947.0, 2015.0]"
Christmas in Connecticut,2,"[1945.0, 1992.0]"
Seizure,2,"[1974.0, 2017.0]"
Senseless,2,"[1998.0, 2008.0]"
September,2,"[1987.0, 2013.0]"
Sequoia,2,"[1935.0, 2014.0]"
Serena,2,"[2014.0, 2016.0]"
Seven Days,2,"[2007.0, 2010.0]"
Seventh Heaven,2,"[1993.0, 1997.0]"
Shadow People,2,"[2007.0, 2013.0]"
Shadows,2,"[1959.0, 2007.0]"
Skinwalkers,2,"[2002.0, 2006.0]"
Shanghai,2,"[2010.0, 2012.0]"
Shank,2,"[2009.0, 2010.0]"
Shattered Glass,2,"[2002.0, 2003.0]"
Shelter Island,2,"[2003.0, 2011.0]"
Shenandoah,2,"[1965.0, 2012.0]"
Shiva,2,"[1990.0, 2006.0]"
Shock,2,"[1946.0, 1977.0]"
Shoot to Kill,2,"[1947.0, 1988.0]"
Show Boat,2,"[1936.0, 1951.0]"
Sicario,2,"[1994.0, 2015.0]"
Side Effects,2,"[2005.0, 2013.0]"
Chained,2,"[1934.0, 2012.0]"
Charleston,2,"[1974.0, 1977.0]"
Charlotte's Web,2,"[1973.0, 2006.0]"
Charly,2,"[1968.0, 2002.0]"
Snatched,2,"[1973.0, 2017.0]"
Snow,2,"[2004.0, 2008.0]"
Solaris,2,"[1972.0, 2002.0]"
Soldier,2,[1998.0]
Sidewalks of New York,2,"[1931.0, 2001.0]"
Sideways,2,"[2004.0, 2009.0]"
Signs,2,"[2002.0, 2008.0]"
Silenced,2,"[2011.0, 2014.0]"
Silent Retreat,2,"[2013.0, 2016.0]"
Simon,2,"[1980.0, 2004.0]"
Sing,2,[2016.0]
Sink or Swim,2,"[1990.0, 1997.0]"
Siren,2,"[2010.0, 2016.0]"
Ski Patrol,2,"[1940.0, 1990.0]"
Skin,2,"[2008.0, 2009.0]"
Skins,2,"[2002.0, 2017.0]"
Southern Comfort,2,"[1981.0, 2001.0]"
Sparkle,2,"[1976.0, 2012.0]"
Sparrows,2,"[1926.0, 2015.0]"
Spartacus,2,"[1960.0, 2004.0]"
Special Correspondents,2,"[2009.0, 2016.0]"
Special Delivery,2,"[1978.0, 2002.0]"
Special Forces,2,"[2003.0, 2011.0]"
Sky High,2,"[2003.0, 2005.0]"
Skylark,2,"[1941.0, 1993.0]"
Skyscraper,2,"[1996.0, 2011.0]"
Slam,2,"[1998.0, 2016.0]"
Sleepless,2,"[2001.0, 2017.0]"
Sleuth,2,"[1972.0, 2007.0]"
Slipstream,2,"[1989.0, 2007.0]"
Slither,2,"[1973.0, 2006.0]"
Smile,2,"[1975.0, 2005.0]"
Carny,2,"[1980.0, 2009.0]"
Casanova,2,[2005.0]
Casino Royale,2,"[1967.0, 2006.0]"
Cat People,2,"[1942.0, 1982.0]"
Catacombs,2,"[1988.0, 2007.0]"
Catch Me If You Can,2,"[1989.0, 2002.0]"
Center Stage,2,"[1991.0, 2000.0]"
Chain Reaction,2,"[1996.0, 2006.0]"
Somebody Up There Likes Me,2,"[1956.0, 2013.0]"
Something Wild,2,"[1961.0, 1986.0]"
Something to Sing About,2,"[1937.0, 2000.0]"
Son of Dracula,2,"[1943.0, 1974.0]"
Sonny Boy,2,"[1990.0, 2011.0]"
Sorceress,2,"[1982.0, 1995.0]"
Sounder,2,"[1972.0, 2003.0]"
Sour Grapes,2,"[1998.0, 2016.0]"
Strange Invaders,2,"[1983.0, 2002.0]"
Speedway,2,"[1929.0, 1968.0]"
Spider,2,"[2002.0, 2007.0]"
Spiders,2,"[2000.0, 2013.0]"
Spiral,2,"[2000.0, 2007.0]"
Splendor,2,"[1989.0, 1999.0]"
Split Second,2,"[1953.0, 1992.0]"
Spring,2,"[1969.0, 2014.0]"
Stage Fright,2,"[1950.0, 2014.0]"
Stagecoach,2,"[1939.0, 1966.0]"
Stalker,2,"[1979.0, 2010.0]"
Standoff,2,"[1998.0, 2016.0]"
Stardust,2,"[1974.0, 2007.0]"
Caravaggio,2,"[1986.0, 2007.0]"
Carnage,2,"[2002.0, 2011.0]"
Carnival of Souls,2,"[1962.0, 1998.0]"
Submarine,2,"[1928.0, 2011.0]"
Submerged,2,"[2005.0, 2015.0]"
Sugar Hill,2,"[1974.0, 1994.0]"
Suicide Club,2,"[2001.0, 2010.0]"
Sultan,2,"[1978.0, 2016.0]"
Summer Camp,2,"[1979.0, 2016.0]"
Stay,2,"[2005.0, 2013.0]"
Stereo,2,"[1969.0, 2014.0]"
Stevie,2,"[2002.0, 2008.0]"
Stitches,2,"[1985.0, 2012.0]"
Stolen,2,"[2009.0, 2012.0]"
Stone,2,"[2010.0, 2012.0]"
Stonewall,2,"[1995.0, 2015.0]"
Storm,2,"[1999.0, 2009.0]"
Storm Warning,2,"[1951.0, 2007.0]"
Stormy Weather,2,"[1943.0, 2003.0]"
California,2,"[1947.0, 1977.0]"
Camino,2,"[2008.0, 2016.0]"
Camouflage,2,"[1977.0, 2001.0]"
Camp,2,"[2003.0, 2013.0]"
Candy,2,"[1968.0, 2006.0]"
Cannibal,2,"[2006.0, 2013.0]"
Cape Fear,2,"[1962.0, 1991.0]"
Caprice,2,"[1967.0, 2015.0]"
Captain Blood,2,"[1935.0, 1960.0]"
Captain January,2,"[1924.0, 1936.0]"
Strapped,2,"[1993.0, 2010.0]"
Straw Dogs,2,"[1971.0, 2011.0]"
Stray Dogs,2,"[2004.0, 2014.0]"
Strayed,2,"[2003.0, 2009.0]"
Street Angel,2,"[1928.0, 1937.0]"
Stuck,2,"[2007.0, 2013.0]"
Taken,2,"[2002.0, 2008.0]"
Taking Chances,2,"[2009.0, 2011.0]"
Summer Storm,2,"[1944.0, 2004.0]"
Sundown,2,"[1941.0, 2016.0]"
Sunflower,2,"[1970.0, 2005.0]"
Sunset Strip,2,"[2000.0, 2012.0]"
Sunshine,2,"[1999.0, 2007.0]"
Superbad,2,"[2007.0, 2016.0]"
Superman,2,"[1948.0, 1978.0]"
Supernova,2,"[2000.0, 2005.0]"
Superstar,2,"[1999.0, 2012.0]"
Sur,2,"[1988.0, 2002.0]"
Swallows and Amazons,2,"[1974.0, 2016.0]"
Ca$h,2,"[2008.0, 2010.0]"
Cabin Fever,2,"[2003.0, 2016.0]"
Cake,2,"[2005.0, 2014.0]"
Teeth,2,"[2000.0, 2007.0]"
Tell No One,2,"[2006.0, 2012.0]"
Tempest,2,"[1928.0, 1982.0]"
Terminus,2,"[1987.0, 2015.0]"
Sweet Home,2,"[1989.0, 2015.0]"
Sweet November,2,"[1968.0, 2001.0]"
Sweet Revenge,2,"[1976.0, 1987.0]"
Sweet Sixteen,2,"[1983.0, 2002.0]"
Swept Away,2,"[1974.0, 2002.0]"
Swimming Pool,2,"[2001.0, 2003.0]"
Swing,2,"[2002.0, 2008.0]"
Swingers,2,"[1996.0, 2002.0]"
Sybil,2,"[1976.0, 2007.0]"
Sylvia,2,"[1965.0, 2003.0]"
Tabu,2,"[1931.0, 2012.0]"
Take Me to the River,2,"[2014.0, 2016.0]"
The Adversary,2,"[1970.0, 2002.0]"
The Age of Innocence,2,"[1934.0, 1993.0]"
The Alamo,2,"[1960.0, 2004.0]"
The Amateur,2,"[1981.0, 1999.0]"
The Amityville Horror,2,"[1979.0, 2005.0]"
The Andromeda Strain,2,"[1971.0, 2008.0]"
The Apartment,2,"[1960.0, 1996.0]"
The Ape,2,"[1940.0, 2009.0]"
Tale of Tales,2,"[1979.0, 2015.0]"
Tangerine,2,"[2008.0, 2015.0]"
Tangled,2,"[2001.0, 2010.0]"
Tarzan,2,"[1999.0, 2013.0]"
Teacher's Pet,2,"[1958.0, 2004.0]"
Teddy Bear,2,"[1981.0, 2012.0]"
Teen Spirit,2,"[2007.0, 2011.0]"
Teenage Mutant Ninja Turtles,2,"[1990.0, 2014.0]"
The Assassin,2,"[1961.0, 2015.0]"
The Assault,2,"[1986.0, 2010.0]"
The Assignment,2,"[1997.0, 2016.0]"
The Avengers,2,"[1998.0, 2012.0]"
The Aviator,2,"[1985.0, 2004.0]"
The Awakening,2,"[1980.0, 2011.0]"
The Bad Seed,2,"[1956.0, 1985.0]"
The Ballad of Narayama,2,"[1958.0, 1983.0]"
The Bank,2,"[1915.0, 2001.0]"
Tess of the D'Urbervilles,2,"[1998.0, 2008.0]"
The Abandoned,2,"[2006.0, 2016.0]"
The Abyss,2,"[1910.0, 1989.0]"
The Accused,2,"[1949.0, 1988.0]"
The Adventures of Buratino,2,"[1959.0, 1975.0]"
The Adventures of Huckleberry Finn,2,"[1939.0, 1960.0]"
The Adventures of Mark Twain,2,"[1944.0, 1985.0]"
Broken English,2,"[1996.0, 2007.0]"
Brother's Keeper,2,"[1992.0, 2013.0]"
Brutal,2,"[2007.0, 2012.0]"
Buddy,2,"[1997.0, 2003.0]"
Bug,2,"[1975.0, 2006.0]"
Bullet,2,"[1996.0, 2014.0]"
Bulletproof,2,"[1988.0, 1996.0]"
Bully,2,"[2001.0, 2011.0]"
Buried Alive,2,"[1939.0, 1990.0]"
Butterfly Kiss,2,"[1995.0, 2006.0]"
By Dawn's Early Light,2,"[1990.0, 2001.0]"
The Apple,2,"[1980.0, 1998.0]"
The Architect,2,"[2006.0, 2016.0]"
The Art of Love,2,"[1965.0, 2011.0]"
The Art of the Steal,2,"[2009.0, 2013.0]"
The Artist,2,"[2008.0, 2011.0]"
The Book of Life,2,"[1998.0, 2014.0]"
The Border,2,"[1982.0, 2007.0]"
The Bourne Identity,2,"[1988.0, 2002.0]"
The Barber,2,"[2001.0, 2015.0]"
The Beach,2,"[1954.0, 2000.0]"
The Beguiled,2,"[1971.0, 2017.0]"
The Big Fix,2,"[1978.0, 2011.0]"
The Big Heat,2,"[1953.0, 1988.0]"
The Big Picture,2,"[1989.0, 2010.0]"
The Big Sleep,2,"[1946.0, 1978.0]"
The Big Steal,2,"[1949.0, 1990.0]"
The Big Store,2,"[1941.0, 1973.0]"
The Birth of a Nation,2,"[1915.0, 2016.0]"
The Biscuit Eater,2,"[1940.0, 1972.0]"
Broken Arrow,2,"[1950.0, 1996.0]"
Broken Blossoms,2,"[1919.0, 1936.0]"
Branded,2,"[1950.0, 2012.0]"
Brave,2,"[1994.0, 2012.0]"
Break Free,2,"[2003.0, 2014.0]"
Breaking and Entering,2,"[2006.0, 2011.0]"
Breakthrough,2,"[1950.0, 1979.0]"
Breathing Room,2,"[1996.0, 2008.0]"
Brewster's Millions,2,"[1945.0, 1985.0]"
Bright Lights,2,"[1930.0, 1935.0]"
Brighton Rock,2,"[1947.0, 2010.0]"
The Black Room,2,"[1935.0, 2016.0]"
The Bling Ring,2,"[2011.0, 2013.0]"
The Blob,2,"[1958.0, 1988.0]"
The Blue Bird,2,"[1918.0, 1940.0]"
The Blue Hour,2,"[2007.0, 2015.0]"
The Blue Lagoon,2,"[1949.0, 1980.0]"
The Blue Planet,2,"[1981.0, 2001.0]"
The Children,2,"[1985.0, 2008.0]"
The Choice,2,"[1970.0, 2016.0]"
The Boxer,2,"[1997.0, 2009.0]"
The Boy,2,"[2015.0, 2016.0]"
The Boy Next Door,2,"[2008.0, 2015.0]"
The Brain,2,"[1969.0, 1988.0]"
The Brave One,2,"[1956.0, 2007.0]"
The Breed,2,"[2001.0, 2006.0]"
The Bride,2,"[1985.0, 2017.0]"
The Browning Version,2,"[1951.0, 1994.0]"
The Buccaneer,2,"[1938.0, 1958.0]"
The Bunker,2,"[2001.0, 2015.0]"
The Caller,2,"[2008.0, 2011.0]"
The Candidate,2,"[1972.0, 2008.0]"
The Canterville Ghost,2,"[1944.0, 1996.0]"
Boys Don't Cry,2,"[1999.0, 2000.0]"
Book of Love,2,"[1990.0, 2004.0]"
Bordertown,2,"[1935.0, 2006.0]"
Born Yesterday,2,"[1950.0, 1993.0]"
Born to Be Bad,2,"[1934.0, 1950.0]"
Born to Be Wild,2,"[1995.0, 2011.0]"
Born to Win,2,"[1971.0, 2016.0]"
Borrowed Time,2,"[2013.0, 2015.0]"
Bound,2,"[1996.0, 2015.0]"
Bounty Hunters,2,"[2011.0, 2016.0]"
The Caretaker,2,"[2008.0, 2016.0]"
The Case for Christ,2,"[2007.0, 2017.0]"
The Cat in the Hat,2,"[1971.0, 2003.0]"
The Champ,2,"[1931.0, 1979.0]"
The Charge of the Light Brigade,2,"[1936.0, 1968.0]"
The Cheat,2,"[1915.0, 1950.0]"
The Cheaters,2,"[1945.0, 1958.0]"
The Crazies,2,"[1973.0, 2010.0]"
The Crossing,2,"[2000.0, 2014.0]"
The Crush,2,"[1967.0, 1993.0]"
The Cry of the Owl,2,"[1987.0, 2009.0]"
The Cup,2,"[1999.0, 2011.0]"
The Chorus,2,"[1982.0, 2004.0]"
The Chosen,2,"[1981.0, 2015.0]"
The Christmas Party,2,"[1996.0, 2009.0]"
The Citizen,2,"[2012.0, 2017.0]"
The Class,2,"[2007.0, 2008.0]"
The Client,2,"[1994.0, 2011.0]"
The Clown,2,"[1953.0, 2011.0]"
The Cold Light of Day,2,"[1996.0, 2012.0]"
The Collection,2,"[1976.0, 2012.0]"
The Condemned,2,"[2007.0, 2013.0]"
Bomber,2,"[1982.0, 2009.0]"
Bloodline,2,"[1979.0, 2011.0]"
Bloodsuckers,2,"[1991.0, 2005.0]"
Blown Away,2,"[1993.0, 1994.0]"
Blue Steel,2,"[1934.0, 1990.0]"
Bluebird,2,"[2004.0, 2014.0]"
Blush,2,"[2005.0, 2015.0]"
Body,2,[2015.0]
Body Count,2,"[1987.0, 1998.0]"
The Conquerors,2,"[1932.0, 2013.0]"
The Convent,2,"[1995.0, 2000.0]"
The Corridor,2,"[1994.0, 2012.0]"
The Cottage,2,"[2008.0, 2012.0]"
The Country Doctor,2,"[1909.0, 2016.0]"
The Covenant,2,"[2006.0, 2017.0]"
The Cow,2,"[1969.0, 1990.0]"
The Coward,2,"[1915.0, 1965.0]"
Blockade,2,"[1938.0, 2005.0]"
The Cure,2,"[1917.0, 1995.0]"
The Dark,2,"[1979.0, 2006.0]"
The Dark Horse,2,"[1932.0, 2014.0]"
The Dark Knight,2,"[2008.0, 2011.0]"
The Dark Tower,2,"[1943.0, 2017.0]"
The Dawn Patrol,2,"[1930.0, 1938.0]"
The Dawns Here Are Quiet,2,"[1972.0, 2015.0]"
The Day of the Triffids,2,"[1962.0, 2009.0]"
The Day the Earth Stood Still,2,"[1951.0, 2008.0]"
The Dead Zone,2,"[1983.0, 2002.0]"
The Debut,2,"[1970.0, 2000.0]"
Blood Moon,2,"[2014.0, 2016.0]"
Blood Ties,2,"[1991.0, 2013.0]"
Blood of My Blood,2,"[2011.0, 2015.0]"
Blood: The Last Vampire,2,"[2000.0, 2009.0]"
The Deep,2,"[1977.0, 2012.0]"
The Deep Blue Sea,2,"[1955.0, 2011.0]"
The Defender,2,"[1994.0, 2004.0]"
The Defiant Ones,2,"[1958.0, 1986.0]"
The Dentist,2,"[1932.0, 1996.0]"
The Detective,2,"[1968.0, 2007.0]"
The Disappeared,2,[2008.0]
The Dresser,2,"[1983.0, 2015.0]"
The Duel,2,"[1981.0, 2016.0]"
The Dunwich Horror,2,"[1970.0, 2009.0]"
The Edge,2,"[1968.0, 1997.0]"
Black Rain,2,[1989.0]
Black River,2,"[1957.0, 2001.0]"
Black Sea,2,"[2009.0, 2014.0]"
Black Sunday,2,"[1960.0, 1977.0]"
Blast,2,"[1997.0, 2004.0]"
The Forger,2,"[2011.0, 2014.0]"
The Forgotten,2,"[2004.0, 2014.0]"
The Formula,2,"[1980.0, 2014.0]"
The Eighth Day,2,"[1979.0, 1996.0]"
The Elephant Man,2,"[1980.0, 1982.0]"
The Emperor's New Clothes,2,"[2001.0, 2015.0]"
The Encounter,2,"[2010.0, 2015.0]"
The End of the Affair,2,"[1955.0, 1999.0]"
The Entity,2,"[1982.0, 2015.0]"
The Escape,2,"[2009.0, 2016.0]"
The Escapist,2,"[2002.0, 2008.0]"
The Escort,2,"[1993.0, 2015.0]"
The Event,2,"[2003.0, 2015.0]"
The Executioner,2,"[1963.0, 1970.0]"
The Experiment,2,"[2001.0, 2010.0]"
The Eye,2,"[2002.0, 2008.0]"
The Frozen North,2,"[1922.0, 2006.0]"
The Fugitive,2,"[1947.0, 1993.0]"
The Funeral,2,"[1984.0, 1996.0]"
The Future,2,"[2011.0, 2013.0]"
The Garage,2,"[1920.0, 1979.0]"
The Gathering Storm,2,"[1974.0, 2002.0]"
The Falls,2,"[1980.0, 2012.0]"
The Family,2,"[1987.0, 2013.0]"
The Family Jewels,2,"[1965.0, 2004.0]"
The Fan,2,"[1981.0, 1996.0]"
The Fast and the Furious,2,"[1955.0, 2001.0]"
The Final Cut,2,"[1996.0, 2004.0]"
The Firm,2,"[1993.0, 2009.0]"
The First Time,2,"[1983.0, 2012.0]"
The Flight Before Christmas,2,"[2008.0, 2015.0]"
The Foreigner,2,"[1978.0, 2003.0]"
Bird on a Wire,2,"[1974.0, 1990.0]"
Black,2,"[2005.0, 2015.0]"
Black Beauty,2,"[1971.0, 1994.0]"
Black Butterfly,2,"[2006.0, 2017.0]"
Black Christmas,2,"[1974.0, 2006.0]"
Black Friday,2,"[1940.0, 2004.0]"
Black Girl,2,"[1966.0, 1972.0]"
Black Ice,2,"[1994.0, 2007.0]"
Black Moon,2,"[1934.0, 1975.0]"
The Forty-First,2,"[1927.0, 1956.0]"
The Fountain,2,"[1989.0, 2006.0]"
The Four Horsemen of the Apocalypse,2,"[1921.0, 1962.0]"
The Freshman,2,"[1925.0, 1990.0]"
The Front,2,"[1976.0, 2010.0]"
The Front Line,2,"[2006.0, 2011.0]"
The Front Page,2,"[1931.0, 1974.0]"
The Guardian,2,"[1990.0, 2006.0]"
The Guide,2,"[2011.0, 2014.0]"
The Gauntlet,2,"[1977.0, 2013.0]"
The General,2,"[1926.0, 1998.0]"
The Getaway,2,"[1972.0, 1994.0]"
The Ghost Train,2,"[1901.0, 1941.0]"
The Ghoul,2,"[1933.0, 1975.0]"
The Girl Said No,2,"[1930.0, 1937.0]"
The Girl from the Marsh Croft,2,"[1917.0, 1935.0]"
The Girl with the Dragon Tattoo,2,"[2009.0, 2011.0]"
The Girls,2,"[1961.0, 1968.0]"
The Glass House,2,"[1972.0, 2001.0]"
Big Game,2,"[2008.0, 2014.0]"
Big Trouble,2,"[1986.0, 2002.0]"
Billy the Kid,2,"[1930.0, 1941.0]"
Bingo,2,"[1991.0, 2013.0]"
The Hero,2,"[1966.0, 2017.0]"
The Hills Have Eyes,2,"[1977.0, 2006.0]"
The Hills Run Red,2,"[1966.0, 2009.0]"
The Hitcher,2,"[1986.0, 2007.0]"
The Hive,2,"[2008.0, 2015.0]"
The Good Humor Man,2,"[1950.0, 2008.0]"
The Good Lie,2,"[2013.0, 2014.0]"
The Good Life,2,"[2007.0, 2008.0]"
The Good Shepherd,2,"[2004.0, 2006.0]"
The Good Son,2,"[1993.0, 2011.0]"
The Goodbye Girl,2,"[1977.0, 2004.0]"
The Great Waltz,2,"[1938.0, 1972.0]"
The Greatest,2,"[1977.0, 2009.0]"
The Green Inferno,2,"[1988.0, 2014.0]"
The Green Years,2,"[1946.0, 1963.0]"
The Grim Reaper,2,"[1962.0, 1980.0]"
The Host,2,"[2006.0, 2013.0]"
The Housemaid,2,"[1960.0, 2010.0]"
The Human Factor,2,"[1979.0, 2013.0]"
The Hunt,2,"[1966.0, 2012.0]"
The Hunted,2,"[1995.0, 2003.0]"
The Hunting Party,2,"[1971.0, 2007.0]"
The Hurricane,2,"[1937.0, 1999.0]"
The Gunfighter,2,"[1950.0, 2014.0]"
The Hammer,2,"[2007.0, 2010.0]"
The Hand,2,"[1965.0, 1981.0]"
The Hands of Orlac,2,"[1924.0, 1960.0]"
The Happening,2,"[1967.0, 2008.0]"
The Hard Way,2,"[1943.0, 1991.0]"
The Haunting,2,"[1963.0, 1999.0]"
The Heartbreak Kid,2,"[1972.0, 2007.0]"
The Heat,2,"[2006.0, 2013.0]"
Beloved Enemy,2,"[1936.0, 1979.0]"
Ben-Hur,2,"[1959.0, 2016.0]"
Beneath,2,[2013.0]
Benji,2,"[1974.0, 2012.0]"
Beowulf,2,"[1999.0, 2007.0]"
Bernie,2,"[1996.0, 2012.0]"
Best Friends,2,"[1982.0, 2005.0]"
Betrayal,2,"[1983.0, 2003.0]"
Betrayed,2,"[1954.0, 1988.0]"
Between Us,2,"[2012.0, 2016.0]"
Bewitched,2,"[1945.0, 2005.0]"
Beyond a Reasonable Doubt,2,"[1956.0, 2009.0]"
Beyond the Law,2,[1968.0]
Beyond the Walls,2,"[1984.0, 2012.0]"
The Holy Mountain,2,"[1926.0, 1973.0]"
The Hoodlum,2,"[1919.0, 1951.0]"
The Jazz Singer,2,"[1927.0, 1980.0]"
The Jungle,2,"[2012.0, 2013.0]"
The Karate Kid,2,"[1984.0, 2010.0]"
The Kid,2,"[1921.0, 2000.0]"
The Idiot,2,"[1951.0, 2003.0]"
The Illusionist,2,"[2006.0, 2010.0]"
The Immigrant,2,"[1917.0, 2013.0]"
The Immortals,2,"[1974.0, 1995.0]"
The In Crowd,2,"[1988.0, 2000.0]"
The In-Laws,2,"[1979.0, 2003.0]"
The Initiation of Sarah,2,"[1978.0, 2006.0]"
The Innocent,2,"[1976.0, 1993.0]"
The Institute,2,"[2013.0, 2017.0]"
The Intern,2,"[2000.0, 2015.0]"
The Interview,2,"[1998.0, 2014.0]"
Beloved,2,"[1998.0, 2011.0]"
Batman,2,"[1966.0, 1989.0]"
Battleground,2,"[1949.0, 2012.0]"
Be with Me,2,"[2005.0, 2010.0]"
Beat,2,"[1997.0, 2000.0]"
Beau Geste,2,"[1926.0, 1939.0]"
Beauties of the Night,2,"[1952.0, 2016.0]"
Beautiful Creatures,2,"[2000.0, 2013.0]"
Bed of Roses,2,"[1933.0, 1996.0]"
Bedazzled,2,"[1967.0, 2000.0]"
Behind Enemy Lines,2,"[1997.0, 2001.0]"
Belle Starr,2,"[1941.0, 1980.0]"
The Invisible Boy,2,"[1957.0, 2014.0]"
The Invisible Man,2,"[1933.0, 1984.0]"
The Invitation,2,"[2003.0, 2015.0]"
The Island of Dr. Moreau,2,"[1977.0, 1996.0]"
The Italian Job,2,"[1969.0, 2003.0]"
The Life & Adventures of Santa Claus,2,"[1985.0, 2000.0]"
The Lift,2,"[1972.0, 1983.0]"
The Liquidator,2,"[1965.0, 2011.0]"
The King and I,2,"[1956.0, 1999.0]"
The Kingdom,2,"[1994.0, 2007.0]"
The Knot,2,"[2000.0, 2012.0]"
The Ladies Man,2,"[1961.0, 2000.0]"
The Lady in the Car with Glasses and a Gun,2,"[1970.0, 2015.0]"
The Ladykillers,2,"[1955.0, 2004.0]"
The Last Days,2,"[1998.0, 2013.0]"
The Last Flight,2,"[1931.0, 2009.0]"
The Last House on the Left,2,"[1972.0, 2009.0]"
The Last Kiss,2,"[2001.0, 2006.0]"
The Last Laugh,2,"[1924.0, 2016.0]"
Barricade,2,"[1950.0, 2012.0]"
Bartleby,2,"[1970.0, 2001.0]"
The Lookout,2,"[2007.0, 2012.0]"
The Lorax,2,"[1972.0, 2012.0]"
The Lost,2,"[2006.0, 2009.0]"
The Lottery,2,"[1996.0, 2010.0]"
The Love Bug,2,"[1968.0, 1997.0]"
The Love Letter,2,"[1998.0, 1999.0]"
The Lower Depths,2,"[1936.0, 1957.0]"
The Last Minute,2,"[1988.0, 2001.0]"
The Last Patrol,2,"[2001.0, 2014.0]"
The Last Run,2,"[1971.0, 2004.0]"
The Last Tycoon,2,"[1976.0, 2012.0]"
The Last Word,2,"[2008.0, 2017.0]"
The Law,2,"[1959.0, 1990.0]"
The Lesson,2,"[2014.0, 2015.0]"
The Letters,2,"[2006.0, 2015.0]"
The Libertine,2,"[2000.0, 2004.0]"
Bad Girls,2,"[1994.0, 2007.0]"
Bait,2,"[2000.0, 2012.0]"
Bandidos,2,"[1967.0, 1991.0]"
Bandits,2,"[1997.0, 2001.0]"
Bangkok Dangerous,2,"[1999.0, 2008.0]"
Barbara,2,"[1997.0, 2012.0]"
Bare Knuckles,2,"[1977.0, 2010.0]"
Barefoot,2,"[2005.0, 2014.0]"
Barely Legal,2,"[2003.0, 2011.0]"
Barnacle Bill,2,"[1941.0, 1957.0]"
The Little Mermaid,2,"[1976.0, 1989.0]"
The Little Prince,2,"[1974.0, 2015.0]"
The Little Thief,2,"[1988.0, 1999.0]"
The Living and the Dead,2,"[2006.0, 2007.0]"
The Lodger,2,"[1944.0, 2009.0]"
The Longest Yard,2,"[1974.0, 2005.0]"
Back Street,2,"[1941.0, 1961.0]"
Back in the Day,2,"[2014.0, 2016.0]"
Backstage,2,"[2000.0, 2005.0]"
The Luck of the Irish,2,"[1948.0, 2001.0]"
The Magic Flute,2,"[1975.0, 2006.0]"
The Magnificent Seven,2,"[1960.0, 2016.0]"
The Maker,2,"[1997.0, 2011.0]"
The Maltese Falcon,2,"[1931.0, 1941.0]"
The Man I Love,2,"[1947.0, 1997.0]"
The Man Who Knew Too Much,2,"[1934.0, 1956.0]"
The Man Who Laughs,2,"[1928.0, 2012.0]"
The Man Who Loved Women,2,"[1977.0, 1983.0]"
The Man Who Wasn't There,2,"[1983.0, 2001.0]"
The Manchurian Candidate,2,"[1962.0, 2004.0]"
The Mark,2,"[1961.0, 2012.0]"
Bad Girl,2,"[1931.0, 2016.0]"
The Mark of Cain,2,"[2000.0, 2008.0]"
The Mark of Zorro,2,"[1920.0, 1940.0]"
The Master and Margarita,2,"[1994.0, 2005.0]"
The Matador,2,"[2005.0, 2008.0]"
The Maze,2,"[1953.0, 2010.0]"
The Mechanic,2,"[1972.0, 2011.0]"
The Merchant of Venice,2,"[1980.0, 2004.0]"
The Mermaid,2,"[1904.0, 2016.0]"
The Midwife,2,"[2015.0, 2017.0]"
The Mine,2,"[2013.0, 2016.0]"
Attraction,2,"[2001.0, 2017.0]"
Autopsy,2,"[1975.0, 2008.0]"
Autumn,2,"[1990.0, 2009.0]"
Autumn Tale,2,"[1998.0, 2000.0]"
Awaken,2,"[2013.0, 2015.0]"
Baba Yaga,2,"[1971.0, 1973.0]"
The One and Only,2,"[1978.0, 1999.0]"
The Open Road,2,"[1926.0, 2009.0]"
The Opposite Sex,2,"[1956.0, 2014.0]"
The Other Side,2,"[1994.0, 2015.0]"
The Mirror,2,"[1997.0, 2015.0]"
The Mission,2,"[1986.0, 1999.0]"
The Monkey King,2,"[1964.0, 2014.0]"
The Morning After,2,"[1986.0, 2015.0]"
The Mugger,2,"[1958.0, 2007.0]"
The Muse,2,"[1999.0, 2007.0]"
The Music Man,2,"[1962.0, 2003.0]"
The Mysterious Island,2,"[1929.0, 1973.0]"
The Net,2,"[1995.0, 2003.0]"
The Night Before,2,"[1988.0, 2015.0]"
The Night Stalker,2,"[1972.0, 2016.0]"
The Nightmare,2,[2015.0]
Army,2,"[1944.0, 1996.0]"
Around the World in 80 Days,2,"[1989.0, 2004.0]"
Arrowhead,2,"[1953.0, 2016.0]"
Arsenal,2,"[1929.0, 2017.0]"
Arthur,2,"[1981.0, 2011.0]"
As It Is in Heaven,2,"[2004.0, 2014.0]"
As You Like It,2,"[1978.0, 2006.0]"
Assassin,2,"[1969.0, 2015.0]"
Assault on Precinct 13,2,"[1976.0, 2005.0]"
The Notebook,2,"[2004.0, 2013.0]"
The Nutty Professor,2,"[1963.0, 1996.0]"
The Odd Couple,2,"[1968.0, 1979.0]"
The Odyssey,2,"[1997.0, 2016.0]"
The Old Dark House,2,"[1932.0, 1963.0]"
The Old Maid,2,"[1939.0, 1972.0]"
The Omen,2,"[1976.0, 2006.0]"
The Presence,2,"[2010.0, 2014.0]"
The President,2,"[1961.0, 2014.0]"
The Other Woman,2,"[2010.0, 2014.0]"
The Overcoat,2,"[1952.0, 1959.0]"
The Package,2,"[1989.0, 2013.0]"
The Painted Veil,2,"[1934.0, 2006.0]"
The Paleface,2,"[1922.0, 1948.0]"
The Parent Trap,2,"[1961.0, 1998.0]"
The Party,2,"[1968.0, 1980.0]"
The Passenger,2,"[1975.0, 2006.0]"
The Patriot,2,"[1998.0, 2000.0]"
The Patsy,2,"[1928.0, 1964.0]"
The Penalty,2,"[1920.0, 1941.0]"
The Phantom Carriage,2,"[1921.0, 1939.0]"
April Fool's Day,2,"[1986.0, 2008.0]"
Archangel,2,"[1990.0, 2005.0]"
Animal,2,"[2005.0, 2014.0]"
Animal Farm,2,"[1954.0, 1999.0]"
Anna,2,"[1988.0, 1994.0]"
Annie Oakley,2,"[1894.0, 1935.0]"
Another Year,2,"[2010.0, 2014.0]"
Applause,2,"[1930.0, 2009.0]"
The Philadelphia Experiment,2,"[1984.0, 2012.0]"
The Pink Panther,2,"[1963.0, 2006.0]"
The Pirates of Penzance,2,"[1980.0, 1983.0]"
The Pit,2,"[1981.0, 2009.0]"
The Plainsman,2,"[1936.0, 1966.0]"
The Pool,2,"[2008.0, 2014.0]"
The Poseidon Adventure,2,"[1972.0, 2005.0]"
The Postman,2,"[1994.0, 1997.0]"
The Postman Always Rings Twice,2,"[1946.0, 1981.0]"
The Power and the Glory,2,"[1933.0, 1961.0]"
The Prey,2,"[2011.0, 2016.0]"
The Priest,2,"[1978.0, 2009.0]"
The Prize,2,"[1963.0, 2011.0]"
The Prodigal Son,2,"[1981.0, 1992.0]"
The Producers,2,"[1967.0, 2005.0]"
The Professional,2,"[1981.0, 2003.0]"
The Program,2,"[1993.0, 2015.0]"
The Prophet,2,"[1968.0, 2014.0]"
The Proposition,2,"[1998.0, 2005.0]"
The Protector,2,"[1985.0, 2005.0]"
The Prowler,2,"[1951.0, 1981.0]"
The Punisher,2,"[1989.0, 2004.0]"
The Pyramid,2,"[2007.0, 2014.0]"
Angel Baby,2,"[1961.0, 1995.0]"
Angels in the Outfield,2,"[1951.0, 1994.0]"
Anguish,2,"[1987.0, 2015.0]"
The Saint,2,"[1997.0, 2017.0]"
The Scarecrow,2,"[1920.0, 1972.0]"
The Queen,2,"[1968.0, 2006.0]"
The Queen of Spades,2,"[1916.0, 1949.0]"
The Quick and the Dead,2,"[1987.0, 1995.0]"
The Quiet American,2,"[1958.0, 2002.0]"
The Racket,2,"[1928.0, 1951.0]"
The Raid,2,"[1954.0, 2011.0]"
The Rainmaker,2,"[1956.0, 1997.0]"
The Razor's Edge,2,"[1946.0, 1984.0]"
The Reader,2,"[1988.0, 2008.0]"
The Real McCoy,2,"[1993.0, 1999.0]"
The Rebel,2,"[1980.0, 2007.0]"
The Red Detachment of Women,2,"[1961.0, 1970.0]"
The Red Inn,2,"[1951.0, 2007.0]"
The Red Shoes,2,"[1948.0, 2006.0]"
The Secret Life of Walter Mitty,2,"[1947.0, 2013.0]"
The Sentinel,2,"[1977.0, 2006.0]"
The Shaggy Dog,2,"[1959.0, 2006.0]"
The Sheik,2,"[1921.0, 2014.0]"
The Show,2,"[1927.0, 1995.0]"
The Signal,2,"[2007.0, 2014.0]"
The Sitter,2,"[2007.0, 2011.0]"
The Sniper,2,"[1952.0, 2009.0]"
The Rescue,2,"[1971.0, 1988.0]"
The Revenant,2,"[2009.0, 2015.0]"
The Rift,2,"[1990.0, 2016.0]"
The Rite,2,"[1969.0, 2011.0]"
The Roman Spring of Mrs. Stone,2,"[1961.0, 2003.0]"
The Rookie,2,"[1990.0, 2002.0]"
The Roommate,2,"[2008.0, 2011.0]"
The Runner,2,"[1984.0, 2015.0]"
Amber Alert,2,"[2012.0, 2016.0]"
Amen,2,"[2011.0, 2013.0]"
America,2,"[1924.0, 2009.0]"
American Gun,2,"[2002.0, 2005.0]"
American Virgin,2,"[2000.0, 2009.0]"
Americano,2,"[2005.0, 2011.0]"
Amy,2,"[1997.0, 2015.0]"
An Eye for an Eye,2,"[1957.0, 1981.0]"
An Ideal Husband,2,"[1947.0, 1999.0]"
An Inspector Calls,2,"[1954.0, 2015.0]"
Anastasia,2,"[1956.0, 1997.0]"
And Soon the Darkness,2,"[1970.0, 2010.0]"
The Scarlet Flower,2,"[1952.0, 1978.0]"
The Scarlet Pimpernel,2,"[1934.0, 1982.0]"
The Sea Hawk,2,"[1924.0, 1940.0]"
The Search,2,"[1948.0, 2014.0]"
The Thief of Bagdad,2,"[1924.0, 1940.0]"
The Thing,2,"[1982.0, 2011.0]"
The Thomas Crown Affair,2,"[1968.0, 1999.0]"
The Snow Queen,2,"[1957.0, 2012.0]"
The Snowman,2,"[1982.0, 2009.0]"
The Snows of Kilimanjaro,2,"[1952.0, 2011.0]"
The Son,2,"[1973.0, 2002.0]"
The Sorcerer's Apprentice,2,"[1978.0, 2010.0]"
The Source,2,"[1999.0, 2011.0]"
The Spiral Staircase,2,"[1946.0, 2000.0]"
The Square,2,"[2008.0, 2013.0]"
The Star,2,"[1952.0, 2002.0]"
The Stepfather,2,"[1987.0, 2009.0]"
The Stepford Wives,2,"[1975.0, 2004.0]"
The Strangler,2,"[1964.0, 1970.0]"
Altitude,2,"[2010.0, 2017.0]"
The Tracker,2,"[2001.0, 2002.0]"
The Trap,2,"[1946.0, 1959.0]"
The Traveler,2,"[1974.0, 2010.0]"
The Treasure,2,"[1923.0, 2015.0]"
The Treatment,2,"[2006.0, 2014.0]"
The Tree,2,"[2010.0, 2014.0]"
The Trial,2,"[1962.0, 2010.0]"
The Tribe,2,"[2014.0, 2016.0]"
The Sun Also Rises,2,"[1957.0, 2007.0]"
The Sunshine Boys,2,"[1975.0, 1996.0]"
The Survivor,2,"[1981.0, 2008.0]"
The Swindle,2,"[1955.0, 1997.0]"
The Tempest,2,"[1980.0, 1998.0]"
The Ten Commandments,2,"[1923.0, 1956.0]"
The Theory of Everything,2,"[2006.0, 2014.0]"
The Thief,2,"[1952.0, 1997.0]"
Aladin,2,"[2008.0, 2009.0]"
Alexander the Great,2,"[1956.0, 1980.0]"
Alfie,2,"[1966.0, 2004.0]"
Alice Through the Looking Glass,2,"[1998.0, 2016.0]"
All Night Long,2,"[1962.0, 1981.0]"
All Quiet on the Western Front,2,"[1930.0, 1979.0]"
All of Me,2,"[1984.0, 2013.0]"
All the King's Men,2,"[1949.0, 2006.0]"
All the Way Home,2,"[1963.0, 1981.0]"
Alone in the Dark,2,"[1982.0, 2005.0]"
The Three Stooges,2,"[2000.0, 2012.0]"
The Time Machine,2,"[1960.0, 2002.0]"
The Time of Your Life,2,"[1948.0, 1976.0]"
The Toolbox Murders,2,"[1978.0, 2004.0]"
The Touch,2,"[1971.0, 2002.0]"
The Toy,2,"[1976.0, 1982.0]"
The War,2,"[1994.0, 2007.0]"
The War at Home,2,"[1979.0, 1996.0]"
The Trip to Bountiful,2,"[1985.0, 2014.0]"
The Truth,2,"[1960.0, 2010.0]"
The Turning Point,2,"[1952.0, 1977.0]"
The Twelve Chairs,2,"[1962.0, 1970.0]"
The Ugly Duckling,2,"[1931.0, 2010.0]"
The Undefeated,2,"[1969.0, 2011.0]"
The Underneath,2,"[1995.0, 2013.0]"
The Unholy Three,2,"[1925.0, 1930.0]"
The Unknown Woman,2,"[2006.0, 2011.0]"
The Unseen,2,"[1945.0, 1980.0]"
The Van,2,"[1977.0, 1996.0]"
The Vanishing,2,"[1988.0, 1993.0]"
Airborne,2,"[1993.0, 2012.0]"
Aladdin,2,"[1986.0, 1992.0]"
Admiral,2,"[2008.0, 2015.0]"
Adrift,2,[2009.0]
Adventures in Babysitting,2,"[1987.0, 2016.0]"
After,2,"[2009.0, 2012.0]"
After Death,2,"[1915.0, 2012.0]"
After Life,2,"[1998.0, 2002.0]"
After Midnight,2,"[1989.0, 2014.0]"
After the Ball,2,"[1897.0, 2015.0]"
Aftershock,2,"[2010.0, 2012.0]"
The Very Thought of You,2,"[1944.0, 1998.0]"
The Village,2,"[2004.0, 2010.0]"
The Villain,2,"[1979.0, 2009.0]"
The Violent Kind,2,"[2008.0, 2010.0]"
The Virginian,2,"[1929.0, 1946.0]"
The Wait,2,"[2013.0, 2015.0]"
The Walking Dead,2,"[1936.0, 1995.0]"
The Wedding Party,2,"[1969.0, 2005.0]"
The Whistleblower,2,"[2010.0, 2014.0]"
The Wicker Man,2,"[1973.0, 2006.0]"
The Window,2,"[1949.0, 2008.0]"
The Winslow Boy,2,"[1948.0, 1999.0]"
The Witch,2,"[1966.0, 2016.0]"
The Wizard of Gore,2,"[1970.0, 2007.0]"
The Wizard of Oz,2,"[1925.0, 1939.0]"
The Woman in Black,2,"[1989.0, 2012.0]"
The Women,2,"[1939.0, 2008.0]"
The Wonders,2,"[2013.0, 2014.0]"
Act of Violence,2,"[1949.0, 2008.0]"
Action Jackson,2,"[1988.0, 2014.0]"
Adam and Eve,2,"[1995.0, 2005.0]"
Addicted,2,"[2002.0, 2014.0]"
Address Unknown,2,"[1944.0, 2001.0]"
Together,2,"[2000.0, 2002.0]"
Tom Thumb,2,"[1958.0, 2001.0]"
Tomboy,2,"[1985.0, 2011.0]"
Too Hot to Handle,2,"[1938.0, 1977.0]"
Topaze,2,"[1933.0, 1951.0]"
The Wrecking Crew,2,"[1968.0, 2008.0]"
The Wrong Girl,2,"[1999.0, 2015.0]"
The Wrong Man,2,"[1956.0, 1993.0]"
The Yearling,2,"[1946.0, 1994.0]"
They Died with Their Boots On,2,"[1941.0, 1978.0]"
Thick as Thieves,2,"[1999.0, 2009.0]"
Thieves,2,"[1996.0, 2007.0]"
Thin Ice,2,"[1937.0, 2011.0]"
Things to Come,2,"[1936.0, 2016.0]"
This Land Is Mine,2,"[1943.0, 2012.0]"
Three Sisters,2,"[1970.0, 2012.0]"
A Woman's Face,2,"[1938.0, 1941.0]"
Aankhen,2,"[1993.0, 2002.0]"
Abduction,2,"[2011.0, 2017.0]"
Abel,2,"[1986.0, 2010.0]"
Above Suspicion,2,"[1943.0, 1995.0]"
Accident,2,"[1967.0, 2009.0]"
Accused,2,"[2005.0, 2014.0]"
Thunderbolt,2,"[1929.0, 1995.0]"
Thunderstruck,2,"[2004.0, 2012.0]"
Time to Die,2,"[1966.0, 2007.0]"
Timecode,2,"[2000.0, 2016.0]"
Tinker Tailor Soldier Spy,2,"[1979.0, 2011.0]"
To Be or Not to Be,2,"[1942.0, 1983.0]"
To the Ends of the Earth,2,"[1948.0, 2005.0]"
Tobruk,2,"[1967.0, 2008.0]"
Today,2,"[1997.0, 2013.0]"
Torment,2,"[1944.0, 2013.0]"
Total Recall,2,"[1990.0, 2012.0]"
Tough Enough,2,"[1983.0, 2006.0]"
Toy Soldiers,2,"[1984.0, 1991.0]"
Toys in the Attic,2,"[1963.0, 2009.0]"
Trash,2,"[1970.0, 2014.0]"
Trauma,2,"[1993.0, 2004.0]"
Treading Water,2,"[2001.0, 2013.0]"
Trespass,2,"[1992.0, 2011.0]"
Triangle,2,"[2007.0, 2009.0]"
Trick,2,"[1999.0, 2010.0]"
A Place in the World,2,"[1992.0, 2001.0]"
A Raisin in the Sun,2,"[1961.0, 2008.0]"
A Second Chance,2,"[2013.0, 2014.0]"
A Special Day,2,"[1977.0, 2012.0]"
A Wedding,2,"[1978.0, 2017.0]"
Under the Skin,2,"[1997.0, 2014.0]"
Underdog,2,"[2007.0, 2014.0]"
Trick or Treat,2,"[1952.0, 1986.0]"
Triple Trouble,2,"[1918.0, 1950.0]"
True Blue,2,"[1996.0, 2001.0]"
True Crime,2,"[1996.0, 1999.0]"
True Grit,2,"[1969.0, 2010.0]"
Trumbo,2,"[2007.0, 2015.0]"
Trust,2,"[1990.0, 2010.0]"
Trust Me,2,"[2010.0, 2013.0]"
Truth,2,"[2013.0, 2015.0]"
Turkey Shoot,2,"[1982.0, 2014.0]"
Tusk,2,"[1980.0, 2014.0]"
Twilight,2,"[1998.0, 2008.0]"
Twist,2,"[1992.0, 2003.0]"
Twist of Faith,2,"[2005.0, 2013.0]"
Valentino,2,"[1951.0, 1977.0]"
Valerie,2,"[1957.0, 2007.0]"
Vampires,2,"[1998.0, 2010.0]"
Vamps,2,"[2012.0, 2017.0]"
Variety,2,"[1925.0, 1983.0]"
Twister,2,"[1989.0, 1996.0]"
Two Days,2,"[2003.0, 2011.0]"
Two Friends,2,"[2002.0, 2015.0]"
Two Men in Town,2,"[1973.0, 2014.0]"
Two Women,2,"[1960.0, 1999.0]"
Two of a Kind,2,"[1951.0, 1983.0]"
Tycoon,2,"[1947.0, 2002.0]"
Tyson,2,"[1995.0, 2008.0]"
Ulysses,2,"[1954.0, 1967.0]"
Under Suspicion,2,"[1991.0, 2000.0]"
Under the Rainbow,2,"[1981.0, 2013.0]"
Violent City,2,"[1970.0, 1975.0]"
Violette,2,"[1978.0, 2013.0]"
Viva,2,"[2007.0, 2015.0]"
Voices,2,"[1979.0, 2007.0]"
Walker,2,"[1987.0, 2012.0]"
Walking Tall,2,"[1973.0, 2004.0]"
Walter,2,"[1982.0, 2015.0]"
Unfaithfully Yours,2,"[1948.0, 1984.0]"
Unforgettable,2,"[1996.0, 2017.0]"
Unforgiven,2,"[1992.0, 2013.0]"
United,2,"[2003.0, 2011.0]"
Universal Soldier,2,"[1972.0, 1992.0]"
Unknown,2,"[2006.0, 2011.0]"
Unmade Beds,2,"[1997.0, 2009.0]"
Unstoppable,2,"[2004.0, 2010.0]"
Vacation,2,"[2008.0, 2015.0]"
Waterloo Bridge,2,"[1931.0, 1940.0]"
We Are What We Are,2,"[2010.0, 2013.0]"
We Still Kill the Old Way,2,"[1967.0, 2014.0]"
We're No Angels,2,"[1955.0, 1989.0]"
Weekend,2,"[1967.0, 2011.0]"
Weekend of a Champion,2,"[1972.0, 2013.0]"
Welcome,2,"[2007.0, 2009.0]"
Welcome to the Jungle,2,"[2007.0, 2013.0]"
West,2,"[2002.0, 2013.0]"
Vendetta,2,"[2013.0, 2015.0]"
Vengeance,2,"[1968.0, 2009.0]"
Venom,2,"[1981.0, 2005.0]"
Vice,2,"[2008.0, 2015.0]"
Vice Squad,2,"[1953.0, 1982.0]"
Village of the Damned,2,"[1960.0, 1995.0]"
Villain,2,"[1971.0, 2010.0]"
What Women Want,2,"[2000.0, 2011.0]"
When Ladies Meet,2,"[1933.0, 1941.0]"
When a Stranger Calls,2,"[1979.0, 2006.0]"
When in Rome,2,"[2002.0, 2010.0]"
When the Bough Breaks,2,"[1994.0, 2016.0]"
Where the Heart Is,2,"[1990.0, 2000.0]"
While the City Sleeps,2,"[1928.0, 1956.0]"
Whistle and I'll Come to You,2,"[1968.0, 2010.0]"
White Fang,2,"[1973.0, 1991.0]"
White Night,2,"[2007.0, 2009.0]"
White Tiger,2,"[1996.0, 2012.0]"
White Wedding,2,"[1989.0, 2009.0]"
Wide Open,2,"[1930.0, 1974.0]"
Wanderlust,2,"[2006.0, 2012.0]"
Warlock,2,"[1959.0, 1989.0]"
Water,2,"[1985.0, 2005.0]"
Witchcraft,2,"[1964.0, 1989.0]"
Worlds Apart,2,"[2008.0, 2015.0]"
Woyzeck,2,"[1979.0, 1994.0]"
Yesterday,2,"[1988.0, 2004.0]"
You Are My Sunshine,2,"[2005.0, 2015.0]"
You and I,2,"[2006.0, 2011.0]"
You and Me,2,"[1938.0, 1971.0]"
Youngblood,2,"[1978.0, 1986.0]"
Youth,2,"[2013.0, 2015.0]"
Zanjeer,2,"[1973.0, 2013.0]"
Zero,2,"[2012.0, 2015.0]"
Zig Zag,2,"[1970.0, 2002.0]"
Zodiac,2,"[2007.0, 2014.0]"
Zoom,2,"[2006.0, 2015.0]"
Zulu,2,"[1964.0, 2013.0]"
A Foreign Affair,2,"[1948.0, 2003.0]"
47 Ronin,2,"[1994.0, 2013.0]"
7 Years,2,"[2006.0, 2016.0]"
9,2,"[2005.0, 2009.0]"
A Better Life,2,"[2011.0, 2012.0]"
A Better Tomorrow,2,"[1986.0, 2010.0]"
A Bucket of Blood,2,"[1959.0, 1995.0]"
A Chinese Ghost Story,2,"[1987.0, 2011.0]"
A Dangerous Place,2,"[1995.0, 2012.0]"
Wild,2,"[2014.0, 2016.0]"
Wild Bill,2,"[1995.0, 2011.0]"
Wild Horses,2,"[1995.0, 2015.0]"
Willard,2,"[1971.0, 2003.0]"
Wilson,2,"[1944.0, 2017.0]"
Wings,2,"[1927.0, 1966.0]"
Wish You Were Here,2,"[1987.0, 2012.0]"
Witch Hunt,2,"[1999.0, 2008.0]"
