release_year,movie_count,mean_user_rating,mean_unique_users,mean_popularity,mean_vote_average
1874.0,1,,,0.480371,6.0
1878.0,1,,,0.327841,6.2
1883.0,1,,,0.229221,5.4
1887.0,1,,,1.184891,4.1
1888.0,2,,,0.8515940000000001,5.15
1890.0,5,,,0.45158940000000003,4.74
1891.0,6,,,0.48166033333333336,4.233333333333333
1892.0,3,,,0.37568666666666667,3.4666666666666663
1893.0,1,,,1.061591,5.8
1894.0,13,,,0.46623276923076923,5.292307692307692
1895.0,7,,,1.1081447142857141,5.857142857142857
1896.0,14,,,0.8845652142857142,5.55
1897.0,8,,,0.36301825,5.275
1898.0,13,,,0.36871953846153843,5.653846153846154
1899.0,5,,,0.5248106,5.92
1900.0,14,,,0.21253592857142856,4.128571428571428
1901.0,10,,,0.38808119999999996,5.13
1902.0,2,4.33,6.0,3.263575,6.9
1903.0,18,,,0.6321897222222223,5.472222222222222
1904.0,8,,,0.32400675,4.325
1905.0,5,,,0.2966218,6.08
1906.0,7,,,0.34891228571428573,5.871428571428572
1907.0,7,,,0.26253185714285715,6.028571428571429
1908.0,6,,,0.48809949999999996,6.283333333333334
1909.0,10,,,0.43935519999999995,5.71
1910.0,7,,,0.5092054285714286,6.371428571428572
1911.0,6,,,0.33276316666666667,5.116666666666666
1912.0,14,,,0.32922642857142864,4.742857142857143
1913.0,13,,,0.447702,5.0307692307692315
1914.0,19,,,0.529466,5.88421052631579
1915.0,29,3.0,2.0,0.7611408275862069,5.2620689655172415
1916.0,32,3.5,1.0,0.8290485,5.2625
1917.0,17,4.25,2.0,0.8778485882352942,4.764705882352941
1918.0,16,4.25,2.0,0.474988125,5.8875
1919.0,23,3.0,1.0,0.5702967391304348,6.147826086956522
1920.0,29,2.5,5.0,0.7953135172413792,6.0344827586206895
1921.0,33,4.388,2.4,0.9494981515151516,5.981818181818182
1922.0,34,3.926666666666667,4.666666666666667,0.9960122647058824,5.270588235294118
1923.0,23,4.166666666666667,1.0,1.0210513913043477,6.5260869565217385
1924.0,39,4.36,2.0,1.0708503333333332,6.610256410256411
1925.0,40,3.92875,5.0,1.34652665,5.782500000000001
1926.0,50,3.7083333333333335,3.3333333333333335,0.7126079799999999,6.02
1927.0,41,3.90375,4.75,1.4951715853658538,5.348780487804878
1928.0,66,4.294,4.2,1.1680078636363638,6.301515151515151
1929.0,76,3.2399999999999998,2.5714285714285716,0.6527675131578947,5.25921052631579
1930.0,81,3.718,6.2,0.9375043703703704,4.103703703703704
1931.0,99,3.799285714285714,7.0,1.2757347373737373,4.912121212121212
1932.0,135,3.303846153846154,3.3846153846153846,1.1832034222222223,4.802962962962963
1933.0,147,4.075384615384616,5.6923076923076925,0.9765668367346939,4.840136054421769
1934.0,141,3.3276923076923075,5.384615384615385,1.050709120567376,4.679432624113475
1935.0,144,3.6158333333333332,6.5,1.098936875,4.925000000000001
1936.0,152,3.4283333333333332,3.6666666666666665,1.125963519736842,5.502631578947368
1937.0,155,3.7526315789473683,6.578947368421052,0.9909852645161289,5.272258064516129
1938.0,127,3.5930769230769233,7.615384615384615,1.0779504173228345,5.196850393700787
1939.0,134,3.748076923076923,11.076923076923077,1.9261665597014925,5.606716417910447
1940.0,152,3.6665217391304346,13.782608695652174,1.4574191118421052,5.7065789473684205
1941.0,147,3.725,11.590909090909092,1.7553664693877553,5.759863945578232
1942.0,146,3.6782142857142857,7.892857142857143,1.3872051643835617,5.3417808219178085
1943.0,144,3.5675,2.1,1.2167596944444443,5.574999999999999
1944.0,142,3.5677272727272724,7.5,1.5504851126760562,5.5366197183098596
1945.0,147,3.566086956521739,3.130434782608696,1.5800177959183674,4.994557823129252
1946.0,128,3.7620833333333334,8.0,1.8728046640625,5.8328125
1947.0,156,3.5236666666666667,2.9,1.361304326923077,5.579487179487179
1948.0,157,3.605555555555555,4.481481481481482,1.6520841783439488,5.809554140127388
1949.0,174,3.810909090909091,4.318181818181818,1.3426384252873564,5.802298850574712
1950.0,184,3.4739285714285715,8.5,1.775890570652174,5.541304347826087
1951.0,196,3.9332,9.8,1.6119095051020407,5.660714285714286
1952.0,194,3.763478260869565,6.521739130434782,1.3845643092783506,5.547938144329897
1953.0,199,3.734,6.2,1.996100653266332,5.717085427135679
1954.0,191,3.4896969696969697,10.545454545454545,1.8870850785340314,5.7507853403141365
1955.0,209,3.5146938775510206,5.979591836734694,1.9440206267942586,5.779904306220096
1956.0,218,3.360606060606061,5.151515151515151,1.7613286559633028,5.9761467889908255
1957.0,244,3.66,8.051282051282051,1.7342441188524589,5.620901639344262
1958.0,220,3.5716129032258066,7.935483870967742,1.7187416681818184,5.765454545454546
1959.0,224,3.4448717948717946,9.256410256410257,1.83648471875,5.844196428571428
1960.0,218,3.5919999999999996,6.888888888888889,2.1252233256880735,5.869724770642201
1961.0,203,3.436,8.17142857142857,1.7795330985221676,5.737438423645321
1962.0,229,3.7745238095238096,9.0,1.9864978515283842,5.734497816593887
1963.0,233,3.479574468085106,7.446808510638298,1.967954210300429,5.860085836909872
1964.0,254,3.5520454545454543,9.681818181818182,1.9370566259842519,5.818110236220472
1965.0,247,3.5034883720930234,5.906976744186046,1.8178014534412956,5.906072874493927
1966.0,306,3.4026530612244894,4.63265306122449,2.006629911764706,5.6758169934640526
1967.0,288,3.388888888888889,8.666666666666666,1.9750700312499998,5.673263888888889
1968.0,338,3.2402272727272727,10.363636363636363,1.7906441360946745,5.670710059171598
1969.0,305,3.5013513513513517,7.135135135135135,1.5165315672131148,5.58655737704918
1970.0,351,3.65452380952381,7.023809523809524,1.5882454985754983,5.637321937321937
1971.0,377,3.642777777777778,11.833333333333334,1.8048451326259947,5.63236074270557
1972.0,381,3.562857142857143,9.244897959183673,1.799210002624672,5.637795275590551
1973.0,356,3.6919999999999997,10.44,2.0987118089887637,5.759831460674158
1974.0,348,3.4923728813559323,9.23728813559322,1.7992260028735632,5.596264367816092
1975.0,332,3.3436000000000003,14.26,1.9225224036144577,5.317771084337349
1976.0,333,3.5015686274509803,9.470588235294118,1.9084060660660662,5.558558558558558
1977.0,334,3.5559999999999996,11.836363636363636,2.051067952095808,5.799401197604791
1978.0,321,3.4801587301587302,9.53968253968254,2.1695423457943925,5.468224299065421
1979.0,338,3.394246575342466,12.164383561643836,2.1624847662721893,5.571301775147929
1980.0,360,3.224639175257732,11.43298969072165,2.4259343194444445,5.585555555555556
1981.0,359,3.4293877551020406,10.071428571428571,2.485805660167131,5.68050139275766
1982.0,368,3.395631067961165,12.145631067961165,2.7268001902173915,5.744021739130435
1983.0,352,3.1823456790123457,12.283950617283951,2.67570228125,5.728409090909091
1984.0,362,3.4135000000000004,15.89,2.9432698563535915,5.651933701657459
1985.0,368,3.3225409836065576,11.844262295081966,3.3826173967391306,5.727173913043478
1986.0,391,3.3407352941176467,12.889705882352942,3.16822058056266,5.461636828644501
1987.0,462,3.229591836734694,11.10204081632653,2.807867140692641,5.537229437229437
1988.0,467,3.2377439024390244,10.914634146341463,3.2086013790149894,5.589721627408994
1989.0,439,3.206689655172414,14.193103448275862,3.030898792710706,5.609111617312073
1990.0,426,3.2007801418439716,15.02836879432624,3.169742129107981,5.433098591549296
1991.0,426,3.2263503649635035,14.175182481751825,3.2962056220657274,5.526056338028169
1992.0,453,3.3304137931034483,15.958620689655172,3.306292631346578,5.596247240618101
1993.0,489,3.273160621761658,21.6580310880829,3.612798883435583,5.596932515337423
1994.0,544,3.2775416666666666,24.629166666666666,3.7079640790441175,5.516911764705882
1995.0,598,3.328421052631579,24.665413533834588,3.2721753846153847,5.65133779264214
1996.0,633,3.2592222222222222,18.79259259259259,3.2477228720379148,5.441232227488152
1997.0,661,3.151297709923664,15.461832061068701,3.070927269288956,5.510136157337367
1998.0,722,3.2938235294117644,14.724264705882353,3.0832566412742386,5.539889196675901
1999.0,723,3.2038345864661655,19.06015037593985,3.1697630677731676,5.612171507607192
2000.0,788,3.175477941176471,14.852941176470589,2.963408187817259,5.4524111675126905
2001.0,863,3.1315209125475287,12.96958174904943,3.1240713371958284,5.5064889918887605
2002.0,903,3.1777985074626867,11.380597014925373,3.138094642303433,5.565448504983389
2003.0,882,3.169071729957806,10.632911392405063,3.301704707482993,5.635374149659864
2004.0,992,3.3081048387096774,11.588709677419354,3.3382442943548387,5.692036290322581
2005.0,1124,3.3316017316017317,8.229437229437229,3.1255007019572956,5.595907473309609
2006.0,1269,3.2345914396887157,6.933852140077821,3.2203796430260048,5.599921197793538
2007.0,1319,3.38695652173913,6.118577075098814,3.160696028809704,5.646398786959819
2008.0,1470,3.2235772357723578,6.280487804878049,3.200046463945578,5.569455782312925
2009.0,1585,3.233952569169961,5.462450592885376,3.218854603154574,5.599621451104101
2010.0,1501,3.215022026431718,5.405286343612334,2.957518512991339,5.7124583610926045
2011.0,1666,3.187260869565218,3.9956521739130433,2.9866760570228092,5.645498199279712
2012.0,1721,3.0575119617224877,4.382775119617225,3.06516083091226,5.643521208599651
2013.0,1887,3.1399547511312216,3.7873303167420813,3.302644414944356,5.756650768415474
2014.0,1973,2.9439545454545453,3.659090909090909,3.883534711099848,5.646071971616828
2015.0,1904,2.9970520231213875,3.121387283236994,3.5441596034663867,5.765598739495799
2016.0,1604,3.0101612903225807,2.0483870967741935,4.1501021340399005,5.823628428927681
2017.0,532,,,10.040459475563908,5.864661654135339
2018.0,5,,,1.5635514,0.0
2020.0,1,,,6.020055,0.0
